Puzzle,Size,Length,Algorithm,Time,Success
npuzzle_11x11_len10_0.txt,11,10,bfs,0.015911579132080078,True
npuzzle_11x11_len10_0.txt,11,10,dfs,0.015918254852294922,True
npuzzle_11x11_len10_0.txt,11,10,astar,0.0018887519836425781,True
npuzzle_11x11_len10_1.txt,11,10,bfs,0.00010895729064941406,True
npuzzle_11x11_len10_1.txt,11,10,dfs,9.226799011230469e-05,True
npuzzle_11x11_len10_1.txt,11,10,astar,0.0005450248718261719,True
npuzzle_11x11_len10_2.txt,11,10,bfs,0.01082301139831543,True
npuzzle_11x11_len10_2.txt,11,10,dfs,0.009871721267700195,True
npuzzle_11x11_len10_2.txt,11,10,astar,0.0016796588897705078,True
npuzzle_11x11_len11_0.txt,11,11,bfs,0.20711684226989746,True
npuzzle_11x11_len11_0.txt,11,11,dfs,0.2816190719604492,True
npuzzle_11x11_len11_0.txt,11,11,astar,0.0028944015502929688,True
npuzzle_11x11_len11_1.txt,11,11,bfs,0.24648070335388184,True
npuzzle_11x11_len11_1.txt,11,11,dfs,0.3020191192626953,True
npuzzle_11x11_len11_1.txt,11,11,astar,0.0014100074768066406,True
npuzzle_11x11_len11_2.txt,11,11,bfs,0.00014090538024902344,True
npuzzle_11x11_len11_2.txt,11,11,dfs,0.0001995563507080078,True
npuzzle_11x11_len11_2.txt,11,11,astar,0.0005445480346679688,True
npuzzle_11x11_len12_0.txt,11,12,bfs,144.21254801750183,True
npuzzle_11x11_len12_0.txt,11,12,dfs,200,False
npuzzle_11x11_len12_0.txt,11,12,astar,0.002396106719970703,True
npuzzle_11x11_len12_1.txt,11,12,bfs,0.009727716445922852,True
npuzzle_11x11_len12_1.txt,11,12,dfs,0.0011179447174072266,True
npuzzle_11x11_len12_1.txt,11,12,astar,0.001199483871459961,True
npuzzle_11x11_len12_2.txt,11,12,bfs,0.9213211536407471,True
npuzzle_11x11_len12_2.txt,11,12,dfs,2.0112504959106445,True
npuzzle_11x11_len12_2.txt,11,12,astar,0.0018682479858398438,True
npuzzle_11x11_len13_0.txt,11,13,bfs,0.002552509307861328,True
npuzzle_11x11_len13_0.txt,11,13,dfs,0.002177000045776367,True
npuzzle_11x11_len13_0.txt,11,13,astar,0.0009784698486328125,True
npuzzle_11x11_len13_1.txt,11,13,bfs,14.629936456680298,True
npuzzle_11x11_len13_1.txt,11,13,dfs,37.31959557533264,True
npuzzle_11x11_len13_1.txt,11,13,astar,0.0023140907287597656,True
npuzzle_11x11_len13_2.txt,11,13,bfs,0.02246856689453125,True
npuzzle_11x11_len13_2.txt,11,13,dfs,0.025731325149536133,True
npuzzle_11x11_len13_2.txt,11,13,astar,0.0014445781707763672,True
npuzzle_11x11_len14_0.txt,11,14,bfs,0.0004076957702636719,True
npuzzle_11x11_len14_0.txt,11,14,dfs,0.0004887580871582031,True
npuzzle_11x11_len14_0.txt,11,14,astar,0.0007963180541992188,True
npuzzle_11x11_len14_1.txt,11,14,bfs,3.719329833984375e-05,True
npuzzle_11x11_len14_1.txt,11,14,dfs,3.62396240234375e-05,True
npuzzle_11x11_len14_1.txt,11,14,astar,0.00021123886108398438,True
npuzzle_11x11_len14_2.txt,11,14,bfs,104.48556184768677,True
npuzzle_11x11_len14_2.txt,11,14,dfs,200,False
npuzzle_11x11_len14_2.txt,11,14,astar,0.003463268280029297,True
npuzzle_11x11_len15_0.txt,11,15,bfs,0.024847745895385742,True
npuzzle_11x11_len15_0.txt,11,15,dfs,0.0269625186920166,True
npuzzle_11x11_len15_0.txt,11,15,astar,0.0014011859893798828,True
npuzzle_11x11_len15_1.txt,11,15,bfs,0.0014162063598632812,True
npuzzle_11x11_len15_1.txt,11,15,dfs,0.0014121532440185547,True
npuzzle_11x11_len15_1.txt,11,15,astar,0.0009324550628662109,True
npuzzle_11x11_len15_2.txt,11,15,bfs,0.020401716232299805,True
npuzzle_11x11_len15_2.txt,11,15,dfs,0.02169632911682129,True
npuzzle_11x11_len15_2.txt,11,15,astar,0.001554727554321289,True
npuzzle_11x11_len16_0.txt,11,16,bfs,0.6887896060943604,True
npuzzle_11x11_len16_0.txt,11,16,dfs,1.5894551277160645,True
npuzzle_11x11_len16_0.txt,11,16,astar,0.0030510425567626953,True
npuzzle_11x11_len16_1.txt,11,16,bfs,0.02893543243408203,True
npuzzle_11x11_len16_1.txt,11,16,dfs,0.032048702239990234,True
npuzzle_11x11_len16_1.txt,11,16,astar,0.0016355514526367188,True
npuzzle_11x11_len16_2.txt,11,16,bfs,0.060605525970458984,True
npuzzle_11x11_len16_2.txt,11,16,dfs,0.06482934951782227,True
npuzzle_11x11_len16_2.txt,11,16,astar,0.0015838146209716797,True
npuzzle_11x11_len17_0.txt,11,17,bfs,200,False
npuzzle_11x11_len17_0.txt,11,17,dfs,200,False
npuzzle_11x11_len17_0.txt,11,17,astar,0.004805803298950195,True
npuzzle_11x11_len17_1.txt,11,17,bfs,0.18272995948791504,True
npuzzle_11x11_len17_1.txt,11,17,dfs,0.24762678146362305,True
npuzzle_11x11_len17_1.txt,11,17,astar,0.0014147758483886719,True
npuzzle_11x11_len17_2.txt,11,17,bfs,0.06090903282165527,True
npuzzle_11x11_len17_2.txt,11,17,dfs,0.07665753364562988,True
npuzzle_11x11_len17_2.txt,11,17,astar,0.001971006393432617,True
npuzzle_11x11_len18_0.txt,11,18,bfs,4.768494129180908,True
npuzzle_11x11_len18_0.txt,11,18,dfs,11.867090225219727,True
npuzzle_11x11_len18_0.txt,11,18,astar,0.002715587615966797,True
npuzzle_11x11_len18_1.txt,11,18,bfs,0.14438962936401367,True
npuzzle_11x11_len18_1.txt,11,18,dfs,0.21134161949157715,True
npuzzle_11x11_len18_1.txt,11,18,astar,0.01069951057434082,True
npuzzle_11x11_len18_2.txt,11,18,bfs,0.05692315101623535,True
npuzzle_11x11_len18_2.txt,11,18,dfs,0.07915568351745605,True
npuzzle_11x11_len18_2.txt,11,18,astar,0.0019071102142333984,True
npuzzle_11x11_len19_0.txt,11,19,bfs,0.2897787094116211,True
npuzzle_11x11_len19_0.txt,11,19,dfs,0.4281737804412842,True
npuzzle_11x11_len19_0.txt,11,19,astar,0.003536224365234375,True
npuzzle_11x11_len19_1.txt,11,19,bfs,200,False
npuzzle_11x11_len19_1.txt,11,19,dfs,200,False
npuzzle_11x11_len19_1.txt,11,19,astar,0.008148193359375,True
npuzzle_11x11_len19_2.txt,11,19,bfs,0.00012040138244628906,True
npuzzle_11x11_len19_2.txt,11,19,dfs,0.00012946128845214844,True
npuzzle_11x11_len19_2.txt,11,19,astar,0.0005137920379638672,True
npuzzle_11x11_len1_0.txt,11,1,bfs,2.86102294921875e-05,True
npuzzle_11x11_len1_0.txt,11,1,dfs,3.3855438232421875e-05,True
npuzzle_11x11_len1_0.txt,11,1,astar,0.00012302398681640625,True
npuzzle_11x11_len1_1.txt,11,1,bfs,1.9073486328125e-05,True
npuzzle_11x11_len1_1.txt,11,1,dfs,1.621246337890625e-05,True
npuzzle_11x11_len1_1.txt,11,1,astar,5.817413330078125e-05,True
npuzzle_11x11_len1_2.txt,11,1,bfs,2.4318695068359375e-05,True
npuzzle_11x11_len1_2.txt,11,1,dfs,1.6927719116210938e-05,True
npuzzle_11x11_len1_2.txt,11,1,astar,6.246566772460938e-05,True
npuzzle_11x11_len20_0.txt,11,20,bfs,0.06206250190734863,True
npuzzle_11x11_len20_0.txt,11,20,dfs,0.04290413856506348,True
npuzzle_11x11_len20_0.txt,11,20,astar,0.0029735565185546875,True
npuzzle_11x11_len20_1.txt,11,20,bfs,0.07907962799072266,True
npuzzle_11x11_len20_1.txt,11,20,dfs,0.09533023834228516,True
npuzzle_11x11_len20_1.txt,11,20,astar,0.0015091896057128906,True
npuzzle_11x11_len20_2.txt,11,20,bfs,12.835679769515991,True
npuzzle_11x11_len20_2.txt,11,20,dfs,35.22289419174194,True
npuzzle_11x11_len20_2.txt,11,20,astar,0.028266191482543945,True
npuzzle_11x11_len2_0.txt,11,2,bfs,0.00011944770812988281,True
npuzzle_11x11_len2_0.txt,11,2,dfs,6.29425048828125e-05,True
npuzzle_11x11_len2_0.txt,11,2,astar,0.0003173351287841797,True
npuzzle_11x11_len3_0.txt,11,3,bfs,3.600120544433594e-05,True
npuzzle_11x11_len3_0.txt,11,3,dfs,3.24249267578125e-05,True
npuzzle_11x11_len3_0.txt,11,3,astar,0.00014281272888183594,True
npuzzle_11x11_len3_1.txt,11,3,bfs,0.0002422332763671875,True
npuzzle_11x11_len3_1.txt,11,3,dfs,0.0001976490020751953,True
npuzzle_11x11_len3_1.txt,11,3,astar,0.0004298686981201172,True
npuzzle_11x11_len3_2.txt,11,3,bfs,1.8596649169921875e-05,True
npuzzle_11x11_len3_2.txt,11,3,dfs,1.5735626220703125e-05,True
npuzzle_11x11_len3_2.txt,11,3,astar,5.793571472167969e-05,True
npuzzle_11x11_len4_0.txt,11,4,bfs,6.389617919921875e-05,True
npuzzle_11x11_len4_0.txt,11,4,dfs,6.29425048828125e-05,True
npuzzle_11x11_len4_0.txt,11,4,astar,0.00028443336486816406,True
npuzzle_11x11_len4_1.txt,11,4,bfs,0.0007219314575195312,True
npuzzle_11x11_len4_1.txt,11,4,dfs,0.0007739067077636719,True
npuzzle_11x11_len4_1.txt,11,4,astar,0.0007641315460205078,True
npuzzle_11x11_len4_2.txt,11,4,bfs,9.059906005859375e-05,True
npuzzle_11x11_len4_2.txt,11,4,dfs,8.821487426757812e-05,True
npuzzle_11x11_len4_2.txt,11,4,astar,0.0002925395965576172,True
npuzzle_11x11_len5_0.txt,11,5,bfs,0.00024199485778808594,True
npuzzle_11x11_len5_0.txt,11,5,dfs,0.0002484321594238281,True
npuzzle_11x11_len5_0.txt,11,5,astar,0.0005042552947998047,True
npuzzle_11x11_len5_1.txt,11,5,bfs,3.4332275390625e-05,True
npuzzle_11x11_len5_1.txt,11,5,dfs,2.9087066650390625e-05,True
npuzzle_11x11_len5_1.txt,11,5,astar,0.00013113021850585938,True
npuzzle_11x11_len5_2.txt,11,5,bfs,0.00010275840759277344,True
npuzzle_11x11_len5_2.txt,11,5,dfs,9.202957153320312e-05,True
npuzzle_11x11_len5_2.txt,11,5,astar,0.0006539821624755859,True
npuzzle_11x11_len6_0.txt,11,6,bfs,0.0005598068237304688,True
npuzzle_11x11_len6_0.txt,11,6,dfs,0.0005393028259277344,True
npuzzle_11x11_len6_0.txt,11,6,astar,0.00118255615234375,True
npuzzle_11x11_len6_1.txt,11,6,bfs,0.009817838668823242,True
npuzzle_11x11_len6_1.txt,11,6,dfs,0.008212566375732422,True
npuzzle_11x11_len6_1.txt,11,6,astar,0.002069711685180664,True
npuzzle_11x11_len6_2.txt,11,6,bfs,0.0007593631744384766,True
npuzzle_11x11_len6_2.txt,11,6,dfs,0.0007488727569580078,True
npuzzle_11x11_len6_2.txt,11,6,astar,0.0006906986236572266,True
npuzzle_11x11_len7_0.txt,11,7,bfs,0.00023937225341796875,True
npuzzle_11x11_len7_0.txt,11,7,dfs,0.00022745132446289062,True
npuzzle_11x11_len7_0.txt,11,7,astar,0.0005505084991455078,True
npuzzle_11x11_len7_1.txt,11,7,bfs,2.2649765014648438e-05,True
npuzzle_11x11_len7_1.txt,11,7,dfs,1.9550323486328125e-05,True
npuzzle_11x11_len7_1.txt,11,7,astar,6.794929504394531e-05,True
npuzzle_11x11_len7_2.txt,11,7,bfs,0.0001461505889892578,True
npuzzle_11x11_len7_2.txt,11,7,dfs,0.0001475811004638672,True
npuzzle_11x11_len7_2.txt,11,7,astar,0.0004551410675048828,True
npuzzle_11x11_len8_0.txt,11,8,bfs,9.083747863769531e-05,True
npuzzle_11x11_len8_0.txt,11,8,dfs,8.130073547363281e-05,True
npuzzle_11x11_len8_0.txt,11,8,astar,0.0003230571746826172,True
npuzzle_11x11_len8_1.txt,11,8,bfs,0.0026738643646240234,True
npuzzle_11x11_len8_1.txt,11,8,dfs,0.004340648651123047,True
npuzzle_11x11_len8_1.txt,11,8,astar,0.0012211799621582031,True
npuzzle_11x11_len8_2.txt,11,8,bfs,0.0007145404815673828,True
npuzzle_11x11_len8_2.txt,11,8,dfs,0.0007033348083496094,True
npuzzle_11x11_len8_2.txt,11,8,astar,0.0007154941558837891,True
npuzzle_11x11_len9_0.txt,11,9,bfs,0.00024008750915527344,True
npuzzle_11x11_len9_0.txt,11,9,dfs,0.00026035308837890625,True
npuzzle_11x11_len9_0.txt,11,9,astar,0.0004987716674804688,True
npuzzle_11x11_len9_1.txt,11,9,bfs,3.170967102050781e-05,True
npuzzle_11x11_len9_1.txt,11,9,dfs,2.7894973754882812e-05,True
npuzzle_11x11_len9_1.txt,11,9,astar,0.00010466575622558594,True
npuzzle_11x11_len9_2.txt,11,9,bfs,0.0011637210845947266,True
npuzzle_11x11_len9_2.txt,11,9,dfs,0.0013148784637451172,True
npuzzle_11x11_len9_2.txt,11,9,astar,0.0007078647613525391,True
npuzzle_13x13_len10_0.txt,13,10,bfs,0.0010225772857666016,True
npuzzle_13x13_len10_0.txt,13,10,dfs,0.0011131763458251953,True
npuzzle_13x13_len10_0.txt,13,10,astar,0.0012919902801513672,True
npuzzle_13x13_len10_1.txt,13,10,bfs,0.0007450580596923828,True
npuzzle_13x13_len10_1.txt,13,10,dfs,0.0006568431854248047,True
npuzzle_13x13_len10_1.txt,13,10,astar,0.001894235610961914,True
npuzzle_13x13_len10_2.txt,13,10,bfs,0.0009214878082275391,True
npuzzle_13x13_len10_2.txt,13,10,dfs,0.0006399154663085938,True
npuzzle_13x13_len10_2.txt,13,10,astar,0.0015070438385009766,True
npuzzle_13x13_len11_0.txt,13,11,bfs,0.0010673999786376953,True
npuzzle_13x13_len11_0.txt,13,11,dfs,0.0006322860717773438,True
npuzzle_13x13_len11_0.txt,13,11,astar,0.0015177726745605469,True
npuzzle_13x13_len11_1.txt,13,11,bfs,0.0007050037384033203,True
npuzzle_13x13_len11_1.txt,13,11,dfs,0.0003879070281982422,True
npuzzle_13x13_len11_1.txt,13,11,astar,0.0008530616760253906,True
npuzzle_13x13_len11_2.txt,13,11,bfs,5.459785461425781e-05,True
npuzzle_13x13_len11_2.txt,13,11,dfs,3.528594970703125e-05,True
npuzzle_13x13_len11_2.txt,13,11,astar,0.00011181831359863281,True
npuzzle_13x13_len12_0.txt,13,12,bfs,0.12354469299316406,True
npuzzle_13x13_len12_0.txt,13,12,dfs,0.13607025146484375,True
npuzzle_13x13_len12_0.txt,13,12,astar,0.002293109893798828,True
npuzzle_13x13_len12_1.txt,13,12,bfs,0.0014412403106689453,True
npuzzle_13x13_len12_1.txt,13,12,dfs,0.0014095306396484375,True
npuzzle_13x13_len12_1.txt,13,12,astar,0.0009169578552246094,True
npuzzle_13x13_len12_2.txt,13,12,bfs,0.007936239242553711,True
npuzzle_13x13_len12_2.txt,13,12,dfs,0.007363796234130859,True
npuzzle_13x13_len12_2.txt,13,12,astar,0.001772165298461914,True
npuzzle_13x13_len13_0.txt,13,13,bfs,0.015556097030639648,True
npuzzle_13x13_len13_0.txt,13,13,dfs,0.01761484146118164,True
npuzzle_13x13_len13_0.txt,13,13,astar,0.002232789993286133,True
npuzzle_13x13_len13_1.txt,13,13,bfs,0.020557165145874023,True
npuzzle_13x13_len13_1.txt,13,13,dfs,0.027271270751953125,True
npuzzle_13x13_len13_1.txt,13,13,astar,0.0025014877319335938,True
npuzzle_13x13_len13_2.txt,13,13,bfs,45.506577014923096,True
npuzzle_13x13_len13_2.txt,13,13,dfs,124.79464554786682,True
npuzzle_13x13_len13_2.txt,13,13,astar,0.009698867797851562,True
npuzzle_13x13_len14_0.txt,13,14,bfs,0.9678096771240234,True
npuzzle_13x13_len14_0.txt,13,14,dfs,1.607818365097046,True
npuzzle_13x13_len14_0.txt,13,14,astar,0.0038611888885498047,True
npuzzle_13x13_len14_1.txt,13,14,bfs,0.004351139068603516,True
npuzzle_13x13_len14_1.txt,13,14,dfs,0.0066645145416259766,True
npuzzle_13x13_len14_1.txt,13,14,astar,0.001180887222290039,True
npuzzle_13x13_len14_2.txt,13,14,bfs,0.00023651123046875,True
npuzzle_13x13_len14_2.txt,13,14,dfs,0.0002193450927734375,True
npuzzle_13x13_len14_2.txt,13,14,astar,0.0007371902465820312,True
npuzzle_13x13_len15_0.txt,13,15,bfs,8.960225343704224,True
npuzzle_13x13_len15_0.txt,13,15,dfs,19.226792097091675,True
npuzzle_13x13_len15_0.txt,13,15,astar,0.003188610076904297,True
npuzzle_13x13_len15_1.txt,13,15,bfs,0.04818320274353027,True
npuzzle_13x13_len15_1.txt,13,15,dfs,0.061379194259643555,True
npuzzle_13x13_len15_1.txt,13,15,astar,0.0024237632751464844,True
npuzzle_13x13_len15_2.txt,13,15,bfs,0.0001881122589111328,True
npuzzle_13x13_len15_2.txt,13,15,dfs,0.0001533031463623047,True
npuzzle_13x13_len15_2.txt,13,15,astar,0.0008175373077392578,True
npuzzle_13x13_len16_0.txt,13,16,bfs,0.00019502639770507812,True
npuzzle_13x13_len16_0.txt,13,16,dfs,0.000156402587890625,True
npuzzle_13x13_len16_0.txt,13,16,astar,0.0005984306335449219,True
npuzzle_13x13_len16_1.txt,13,16,bfs,0.06914138793945312,True
npuzzle_13x13_len16_1.txt,13,16,dfs,0.06672334671020508,True
npuzzle_13x13_len16_1.txt,13,16,astar,0.002254486083984375,True
npuzzle_13x13_len16_2.txt,13,16,bfs,0.0002644062042236328,True
npuzzle_13x13_len16_2.txt,13,16,dfs,0.0002384185791015625,True
npuzzle_13x13_len16_2.txt,13,16,astar,0.0007960796356201172,True
npuzzle_13x13_len17_0.txt,13,17,bfs,4.7206878662109375e-05,True
npuzzle_13x13_len17_0.txt,13,17,dfs,4.553794860839844e-05,True
npuzzle_13x13_len17_0.txt,13,17,astar,0.0002048015594482422,True
npuzzle_13x13_len17_1.txt,13,17,bfs,0.43230104446411133,True
npuzzle_13x13_len17_1.txt,13,17,dfs,0.5844473838806152,True
npuzzle_13x13_len17_1.txt,13,17,astar,0.004675388336181641,True
npuzzle_13x13_len17_2.txt,13,17,bfs,0.00010657310485839844,True
npuzzle_13x13_len17_2.txt,13,17,dfs,6.29425048828125e-05,True
npuzzle_13x13_len17_2.txt,13,17,astar,0.00019693374633789062,True
npuzzle_13x13_len18_0.txt,13,18,bfs,6.509536981582642,True
npuzzle_13x13_len18_0.txt,13,18,dfs,13.928770780563354,True
npuzzle_13x13_len18_0.txt,13,18,astar,0.0037384033203125,True
npuzzle_13x13_len18_1.txt,13,18,bfs,0.0008299350738525391,True
npuzzle_13x13_len18_1.txt,13,18,dfs,0.0005676746368408203,True
npuzzle_13x13_len18_1.txt,13,18,astar,0.0009524822235107422,True
npuzzle_13x13_len18_2.txt,13,18,bfs,2.154137134552002,True
npuzzle_13x13_len18_2.txt,13,18,dfs,3.4478759765625,True
npuzzle_13x13_len18_2.txt,13,18,astar,0.0036208629608154297,True
npuzzle_13x13_len19_0.txt,13,19,bfs,0.08604955673217773,True
npuzzle_13x13_len19_0.txt,13,19,dfs,0.09149670600891113,True
npuzzle_13x13_len19_0.txt,13,19,astar,0.0026133060455322266,True
npuzzle_13x13_len19_1.txt,13,19,bfs,0.0015072822570800781,True
npuzzle_13x13_len19_1.txt,13,19,dfs,0.0014827251434326172,True
npuzzle_13x13_len19_1.txt,13,19,astar,0.0012476444244384766,True
npuzzle_13x13_len19_2.txt,13,19,bfs,0.0018489360809326172,True
npuzzle_13x13_len19_2.txt,13,19,dfs,0.0015778541564941406,True
npuzzle_13x13_len19_2.txt,13,19,astar,0.0014162063598632812,True
npuzzle_13x13_len1_0.txt,13,1,bfs,6.198883056640625e-05,True
npuzzle_13x13_len1_0.txt,13,1,dfs,3.3855438232421875e-05,True
npuzzle_13x13_len1_0.txt,13,1,astar,0.0001571178436279297,True
npuzzle_13x13_len1_1.txt,13,1,bfs,2.9325485229492188e-05,True
npuzzle_13x13_len1_1.txt,13,1,dfs,2.002716064453125e-05,True
npuzzle_13x13_len1_1.txt,13,1,astar,7.581710815429688e-05,True
npuzzle_13x13_len1_2.txt,13,1,bfs,2.765655517578125e-05,True
npuzzle_13x13_len1_2.txt,13,1,dfs,3.24249267578125e-05,True
npuzzle_13x13_len1_2.txt,13,1,astar,0.00016164779663085938,True
npuzzle_13x13_len20_0.txt,13,20,bfs,0.08722829818725586,True
npuzzle_13x13_len20_0.txt,13,20,dfs,0.12399625778198242,True
npuzzle_13x13_len20_0.txt,13,20,astar,0.002281665802001953,True
npuzzle_13x13_len20_1.txt,13,20,bfs,1.5273714065551758,True
npuzzle_13x13_len20_1.txt,13,20,dfs,2.5559980869293213,True
npuzzle_13x13_len20_1.txt,13,20,astar,0.0026092529296875,True
npuzzle_13x13_len20_2.txt,13,20,bfs,0.0620579719543457,True
npuzzle_13x13_len20_2.txt,13,20,dfs,0.0731358528137207,True
npuzzle_13x13_len20_2.txt,13,20,astar,0.002032756805419922,True
npuzzle_13x13_len2_0.txt,13,2,bfs,0.00034117698669433594,True
npuzzle_13x13_len2_0.txt,13,2,dfs,0.00013256072998046875,True
npuzzle_13x13_len2_0.txt,13,2,astar,0.00047278404235839844,True
npuzzle_13x13_len2_1.txt,13,2,bfs,8.58306884765625e-05,True
npuzzle_13x13_len2_1.txt,13,2,dfs,9.5367431640625e-05,True
npuzzle_13x13_len2_1.txt,13,2,astar,0.0003871917724609375,True
npuzzle_13x13_len2_2.txt,13,2,bfs,0.00010251998901367188,True
npuzzle_13x13_len2_2.txt,13,2,dfs,0.00010013580322265625,True
npuzzle_13x13_len2_2.txt,13,2,astar,0.00040841102600097656,True
npuzzle_13x13_len3_0.txt,13,3,bfs,3.528594970703125e-05,True
npuzzle_13x13_len3_0.txt,13,3,dfs,3.218650817871094e-05,True
npuzzle_13x13_len3_0.txt,13,3,astar,0.00016570091247558594,True
npuzzle_13x13_len3_1.txt,13,3,bfs,3.457069396972656e-05,True
npuzzle_13x13_len3_1.txt,13,3,dfs,3.24249267578125e-05,True
npuzzle_13x13_len3_1.txt,13,3,astar,0.00016307830810546875,True
npuzzle_13x13_len3_2.txt,13,3,bfs,2.2649765014648438e-05,True
npuzzle_13x13_len3_2.txt,13,3,dfs,2.1219253540039062e-05,True
npuzzle_13x13_len3_2.txt,13,3,astar,8.58306884765625e-05,True
npuzzle_13x13_len4_1.txt,13,4,bfs,0.0005557537078857422,True
npuzzle_13x13_len4_1.txt,13,4,dfs,0.0004911422729492188,True
npuzzle_13x13_len4_1.txt,13,4,astar,0.0007131099700927734,True
npuzzle_13x13_len4_2.txt,13,4,bfs,0.0004317760467529297,True
npuzzle_13x13_len4_2.txt,13,4,dfs,0.00043773651123046875,True
npuzzle_13x13_len4_2.txt,13,4,astar,0.0008919239044189453,True
npuzzle_13x13_len5_0.txt,13,5,bfs,0.007189273834228516,True
npuzzle_13x13_len5_0.txt,13,5,dfs,0.0035588741302490234,True
npuzzle_13x13_len5_0.txt,13,5,astar,0.0011854171752929688,True
npuzzle_13x13_len5_1.txt,13,5,bfs,3.24249267578125e-05,True
npuzzle_13x13_len5_1.txt,13,5,dfs,2.6941299438476562e-05,True
npuzzle_13x13_len5_1.txt,13,5,astar,0.00016498565673828125,True
npuzzle_13x13_len5_2.txt,13,5,bfs,1.9311904907226562e-05,True
npuzzle_13x13_len5_2.txt,13,5,dfs,1.71661376953125e-05,True
npuzzle_13x13_len5_2.txt,13,5,astar,7.128715515136719e-05,True
npuzzle_13x13_len6_0.txt,13,6,bfs,0.0004558563232421875,True
npuzzle_13x13_len6_0.txt,13,6,dfs,0.00045418739318847656,True
npuzzle_13x13_len6_0.txt,13,6,astar,0.0010917186737060547,True
npuzzle_13x13_len6_1.txt,13,6,bfs,0.001249074935913086,True
npuzzle_13x13_len6_1.txt,13,6,dfs,0.001474618911743164,True
npuzzle_13x13_len6_1.txt,13,6,astar,0.0010368824005126953,True
npuzzle_13x13_len6_2.txt,13,6,bfs,0.00034809112548828125,True
npuzzle_13x13_len6_2.txt,13,6,dfs,0.0004851818084716797,True
npuzzle_13x13_len6_2.txt,13,6,astar,0.001008749008178711,True
npuzzle_13x13_len7_0.txt,13,7,bfs,0.0003349781036376953,True
npuzzle_13x13_len7_0.txt,13,7,dfs,0.0002906322479248047,True
npuzzle_13x13_len7_0.txt,13,7,astar,0.0005517005920410156,True
npuzzle_13x13_len7_1.txt,13,7,bfs,2.002716064453125e-05,True
npuzzle_13x13_len7_1.txt,13,7,dfs,1.7642974853515625e-05,True
npuzzle_13x13_len7_1.txt,13,7,astar,7.343292236328125e-05,True
npuzzle_13x13_len7_2.txt,13,7,bfs,0.0017580986022949219,True
npuzzle_13x13_len7_2.txt,13,7,dfs,0.0017933845520019531,True
npuzzle_13x13_len7_2.txt,13,7,astar,0.001111745834350586,True
npuzzle_13x13_len8_0.txt,13,8,bfs,0.008394002914428711,True
npuzzle_13x13_len8_0.txt,13,8,dfs,0.005544185638427734,True
npuzzle_13x13_len8_0.txt,13,8,astar,0.0015048980712890625,True
npuzzle_13x13_len8_1.txt,13,8,bfs,0.0005276203155517578,True
npuzzle_13x13_len8_1.txt,13,8,dfs,0.0005350112915039062,True
npuzzle_13x13_len8_1.txt,13,8,astar,0.0009992122650146484,True
npuzzle_13x13_len8_2.txt,13,8,bfs,0.0013549327850341797,True
npuzzle_13x13_len8_2.txt,13,8,dfs,0.0010609626770019531,True
npuzzle_13x13_len8_2.txt,13,8,astar,0.0014204978942871094,True
npuzzle_13x13_len9_0.txt,13,9,bfs,0.0001010894775390625,True
npuzzle_13x13_len9_0.txt,13,9,dfs,2.09808349609375e-05,True
npuzzle_13x13_len9_0.txt,13,9,astar,8.225440979003906e-05,True
npuzzle_13x13_len9_1.txt,13,9,bfs,0.00015592575073242188,True
npuzzle_13x13_len9_1.txt,13,9,dfs,0.00015473365783691406,True
npuzzle_13x13_len9_1.txt,13,9,astar,0.0007486343383789062,True
npuzzle_13x13_len9_2.txt,13,9,bfs,0.00031495094299316406,True
npuzzle_13x13_len9_2.txt,13,9,dfs,0.0003132820129394531,True
npuzzle_13x13_len9_2.txt,13,9,astar,0.0006852149963378906,True
npuzzle_15x15_len10_0.txt,15,10,bfs,0.014507055282592773,True
npuzzle_15x15_len10_0.txt,15,10,dfs,0.01566028594970703,True
npuzzle_15x15_len10_0.txt,15,10,astar,0.0018951892852783203,True
npuzzle_15x15_len10_1.txt,15,10,bfs,0.010009050369262695,True
npuzzle_15x15_len10_1.txt,15,10,dfs,0.0075223445892333984,True
npuzzle_15x15_len10_1.txt,15,10,astar,0.0029120445251464844,True
npuzzle_15x15_len10_2.txt,15,10,bfs,0.013582944869995117,True
npuzzle_15x15_len10_2.txt,15,10,dfs,0.016493558883666992,True
npuzzle_15x15_len10_2.txt,15,10,astar,0.002154827117919922,True
npuzzle_15x15_len11_0.txt,15,11,bfs,0.00020647048950195312,True
npuzzle_15x15_len11_0.txt,15,11,dfs,0.00024199485778808594,True
npuzzle_15x15_len11_0.txt,15,11,astar,0.0011801719665527344,True
npuzzle_15x15_len11_1.txt,15,11,bfs,0.021421194076538086,True
npuzzle_15x15_len11_1.txt,15,11,dfs,0.025610923767089844,True
npuzzle_15x15_len11_1.txt,15,11,astar,0.0026769638061523438,True
npuzzle_15x15_len11_2.txt,15,11,bfs,0.08803462982177734,True
npuzzle_15x15_len11_2.txt,15,11,dfs,0.07876157760620117,True
npuzzle_15x15_len11_2.txt,15,11,astar,0.0029342174530029297,True
npuzzle_15x15_len12_0.txt,15,12,bfs,0.00015878677368164062,True
npuzzle_15x15_len12_0.txt,15,12,dfs,0.00014400482177734375,True
npuzzle_15x15_len12_0.txt,15,12,astar,0.0006389617919921875,True
npuzzle_15x15_len12_1.txt,15,12,bfs,0.017397165298461914,True
npuzzle_15x15_len12_1.txt,15,12,dfs,0.02250385284423828,True
npuzzle_15x15_len12_1.txt,15,12,astar,0.0027344226837158203,True
npuzzle_15x15_len12_2.txt,15,12,bfs,0.010530471801757812,True
npuzzle_15x15_len12_2.txt,15,12,dfs,0.008492708206176758,True
npuzzle_15x15_len12_2.txt,15,12,astar,0.0025522708892822266,True
npuzzle_15x15_len13_0.txt,15,13,bfs,0.023520469665527344,True
npuzzle_15x15_len13_0.txt,15,13,dfs,0.02466893196105957,True
npuzzle_15x15_len13_0.txt,15,13,astar,0.002742290496826172,True
npuzzle_15x15_len13_1.txt,15,13,bfs,0.0021774768829345703,True
npuzzle_15x15_len13_1.txt,15,13,dfs,0.0021588802337646484,True
npuzzle_15x15_len13_1.txt,15,13,astar,0.0018475055694580078,True
npuzzle_15x15_len13_2.txt,15,13,bfs,0.7744202613830566,True
npuzzle_15x15_len13_2.txt,15,13,dfs,1.1313917636871338,True
npuzzle_15x15_len13_2.txt,15,13,astar,0.0033903121948242188,True
npuzzle_15x15_len14_0.txt,15,14,bfs,30.603510856628418,True
npuzzle_15x15_len14_0.txt,15,14,dfs,83.77195572853088,True
npuzzle_15x15_len14_0.txt,15,14,astar,0.008225679397583008,True
npuzzle_15x15_len14_1.txt,15,14,bfs,4.1359007358551025,True
npuzzle_15x15_len14_1.txt,15,14,dfs,7.663549184799194,True
npuzzle_15x15_len14_1.txt,15,14,astar,0.003688812255859375,True
npuzzle_15x15_len14_2.txt,15,14,bfs,0.00455021858215332,True
npuzzle_15x15_len14_2.txt,15,14,dfs,0.005186796188354492,True
npuzzle_15x15_len14_2.txt,15,14,astar,0.0017852783203125,True
npuzzle_15x15_len15_0.txt,15,15,bfs,0.015291213989257812,True
npuzzle_15x15_len15_0.txt,15,15,dfs,0.018708467483520508,True
npuzzle_15x15_len15_0.txt,15,15,astar,0.002094268798828125,True
npuzzle_15x15_len15_1.txt,15,15,bfs,0.002815723419189453,True
npuzzle_15x15_len15_1.txt,15,15,dfs,0.0033998489379882812,True
npuzzle_15x15_len15_1.txt,15,15,astar,0.0022149085998535156,True
npuzzle_15x15_len15_2.txt,15,15,bfs,0.0022499561309814453,True
npuzzle_15x15_len15_2.txt,15,15,dfs,0.0026242733001708984,True
npuzzle_15x15_len15_2.txt,15,15,astar,0.0016062259674072266,True
npuzzle_15x15_len16_0.txt,15,16,bfs,200,False
npuzzle_15x15_len16_0.txt,15,16,dfs,200,False
npuzzle_15x15_len16_0.txt,15,16,astar,0.004193544387817383,True
npuzzle_15x15_len16_1.txt,15,16,bfs,1.3028931617736816,True
npuzzle_15x15_len16_1.txt,15,16,dfs,2.3729662895202637,True
npuzzle_15x15_len16_1.txt,15,16,astar,0.0035202503204345703,True
npuzzle_15x15_len16_2.txt,15,16,bfs,57.92616558074951,True
npuzzle_15x15_len16_2.txt,15,16,dfs,158.25271129608154,True
npuzzle_15x15_len16_2.txt,15,16,astar,0.00569915771484375,True
npuzzle_15x15_len17_0.txt,15,17,bfs,0.00021648406982421875,True
npuzzle_15x15_len17_0.txt,15,17,dfs,0.0001423358917236328,True
npuzzle_15x15_len17_0.txt,15,17,astar,0.0007529258728027344,True
npuzzle_15x15_len17_1.txt,15,17,bfs,0.0030345916748046875,True
npuzzle_15x15_len17_1.txt,15,17,dfs,0.00472259521484375,True
npuzzle_15x15_len17_1.txt,15,17,astar,0.0016167163848876953,True
npuzzle_15x15_len17_2.txt,15,17,bfs,0.018901586532592773,True
npuzzle_15x15_len17_2.txt,15,17,dfs,0.015578746795654297,True
npuzzle_15x15_len17_2.txt,15,17,astar,0.0031092166900634766,True
npuzzle_15x15_len18_0.txt,15,18,bfs,18.939373016357422,True
npuzzle_15x15_len18_0.txt,15,18,dfs,46.98081707954407,True
npuzzle_15x15_len18_0.txt,15,18,astar,0.005160331726074219,True
npuzzle_15x15_len18_1.txt,15,18,bfs,36.582459449768066,True
npuzzle_15x15_len18_1.txt,15,18,dfs,97.07976293563843,True
npuzzle_15x15_len18_1.txt,15,18,astar,0.00437617301940918,True
npuzzle_15x15_len18_2.txt,15,18,bfs,0.043241024017333984,True
npuzzle_15x15_len18_2.txt,15,18,dfs,0.04997563362121582,True
npuzzle_15x15_len18_2.txt,15,18,astar,0.0030891895294189453,True
npuzzle_15x15_len19_0.txt,15,19,bfs,0.27852773666381836,True
npuzzle_15x15_len19_0.txt,15,19,dfs,0.41369032859802246,True
npuzzle_15x15_len19_0.txt,15,19,astar,0.007628440856933594,True
npuzzle_15x15_len19_1.txt,15,19,bfs,1.29341459274292,True
npuzzle_15x15_len19_1.txt,15,19,dfs,1.9112834930419922,True
npuzzle_15x15_len19_1.txt,15,19,astar,0.0031671524047851562,True
npuzzle_15x15_len19_2.txt,15,19,bfs,0.03165268898010254,True
npuzzle_15x15_len19_2.txt,15,19,dfs,0.02942347526550293,True
npuzzle_15x15_len19_2.txt,15,19,astar,0.0018720626831054688,True
npuzzle_15x15_len1_0.txt,15,1,bfs,4.267692565917969e-05,True
npuzzle_15x15_len1_0.txt,15,1,dfs,2.7179718017578125e-05,True
npuzzle_15x15_len1_0.txt,15,1,astar,9.775161743164062e-05,True
npuzzle_15x15_len1_1.txt,15,1,bfs,2.4318695068359375e-05,True
npuzzle_15x15_len1_1.txt,15,1,dfs,2.09808349609375e-05,True
npuzzle_15x15_len1_1.txt,15,1,astar,9.226799011230469e-05,True
npuzzle_15x15_len1_2.txt,15,1,bfs,2.2411346435546875e-05,True
npuzzle_15x15_len1_2.txt,15,1,dfs,2.09808349609375e-05,True
npuzzle_15x15_len1_2.txt,15,1,astar,9.72747802734375e-05,True
npuzzle_15x15_len20_0.txt,15,20,bfs,0.0008523464202880859,True
npuzzle_15x15_len20_0.txt,15,20,dfs,0.0008661746978759766,True
npuzzle_15x15_len20_0.txt,15,20,astar,0.00138092041015625,True
npuzzle_15x15_len20_1.txt,15,20,bfs,0.32373905181884766,True
npuzzle_15x15_len20_1.txt,15,20,dfs,0.4700899124145508,True
npuzzle_15x15_len20_1.txt,15,20,astar,0.004562854766845703,True
npuzzle_15x15_len20_2.txt,15,20,bfs,0.007960319519042969,True
npuzzle_15x15_len20_2.txt,15,20,dfs,0.012438774108886719,True
npuzzle_15x15_len20_2.txt,15,20,astar,0.0026929378509521484,True
npuzzle_15x15_len2_0.txt,15,2,bfs,0.00014138221740722656,True
npuzzle_15x15_len2_0.txt,15,2,dfs,0.00012826919555664062,True
npuzzle_15x15_len2_0.txt,15,2,astar,0.0005762577056884766,True
npuzzle_15x15_len2_1.txt,15,2,bfs,6.651878356933594e-05,True
npuzzle_15x15_len2_1.txt,15,2,dfs,6.461143493652344e-05,True
npuzzle_15x15_len2_1.txt,15,2,astar,0.0004239082336425781,True
npuzzle_15x15_len2_2.txt,15,2,bfs,5.626678466796875e-05,True
npuzzle_15x15_len2_2.txt,15,2,dfs,6.270408630371094e-05,True
npuzzle_15x15_len2_2.txt,15,2,astar,0.0004222393035888672,True
npuzzle_15x15_len3_0.txt,15,3,bfs,4.458427429199219e-05,True
npuzzle_15x15_len3_0.txt,15,3,dfs,4.220008850097656e-05,True
npuzzle_15x15_len3_0.txt,15,3,astar,0.00023889541625976562,True
npuzzle_15x15_len3_1.txt,15,3,bfs,0.000408172607421875,True
npuzzle_15x15_len3_1.txt,15,3,dfs,0.0004951953887939453,True
npuzzle_15x15_len3_1.txt,15,3,astar,0.001069784164428711,True
npuzzle_15x15_len3_2.txt,15,3,bfs,0.0007965564727783203,True
npuzzle_15x15_len3_2.txt,15,3,dfs,0.0004317760467529297,True
npuzzle_15x15_len3_2.txt,15,3,astar,0.0009427070617675781,True
npuzzle_15x15_len4_0.txt,15,4,bfs,0.0007929801940917969,True
npuzzle_15x15_len4_0.txt,15,4,dfs,0.0006239414215087891,True
npuzzle_15x15_len4_0.txt,15,4,astar,0.0013408660888671875,True
npuzzle_15x15_len4_1.txt,15,4,bfs,0.00011968612670898438,True
npuzzle_15x15_len4_1.txt,15,4,dfs,0.00011682510375976562,True
npuzzle_15x15_len4_1.txt,15,4,astar,0.0005702972412109375,True
npuzzle_15x15_len4_2.txt,15,4,bfs,9.441375732421875e-05,True
npuzzle_15x15_len4_2.txt,15,4,dfs,9.226799011230469e-05,True
npuzzle_15x15_len4_2.txt,15,4,astar,0.0005247592926025391,True
npuzzle_15x15_len5_0.txt,15,5,bfs,2.7179718017578125e-05,True
npuzzle_15x15_len5_0.txt,15,5,dfs,2.3365020751953125e-05,True
npuzzle_15x15_len5_0.txt,15,5,astar,0.00010514259338378906,True
npuzzle_15x15_len5_1.txt,15,5,bfs,0.00028705596923828125,True
npuzzle_15x15_len5_1.txt,15,5,dfs,0.0002751350402832031,True
npuzzle_15x15_len5_1.txt,15,5,astar,0.000827789306640625,True
npuzzle_15x15_len5_2.txt,15,5,bfs,0.00014400482177734375,True
npuzzle_15x15_len5_2.txt,15,5,dfs,0.00013947486877441406,True
npuzzle_15x15_len5_2.txt,15,5,astar,0.0007259845733642578,True
npuzzle_15x15_len6_0.txt,15,6,bfs,0.00011849403381347656,True
npuzzle_15x15_len6_0.txt,15,6,dfs,0.0001163482666015625,True
npuzzle_15x15_len6_0.txt,15,6,astar,0.0005574226379394531,True
npuzzle_15x15_len6_1.txt,15,6,bfs,0.008878946304321289,True
npuzzle_15x15_len6_1.txt,15,6,dfs,0.007460594177246094,True
npuzzle_15x15_len6_1.txt,15,6,astar,0.0019986629486083984,True
npuzzle_15x15_len7_0.txt,15,7,bfs,4.410743713378906e-05,True
npuzzle_15x15_len7_0.txt,15,7,dfs,3.5762786865234375e-05,True
npuzzle_15x15_len7_0.txt,15,7,astar,0.00023102760314941406,True
npuzzle_15x15_len7_1.txt,15,7,bfs,0.022211790084838867,True
npuzzle_15x15_len7_1.txt,15,7,dfs,0.030660390853881836,True
npuzzle_15x15_len7_1.txt,15,7,astar,0.003106832504272461,True
npuzzle_15x15_len7_2.txt,15,7,bfs,0.0002942085266113281,True
npuzzle_15x15_len7_2.txt,15,7,dfs,0.0002346038818359375,True
npuzzle_15x15_len7_2.txt,15,7,astar,0.000896453857421875,True
npuzzle_15x15_len8_0.txt,15,8,bfs,0.1800708770751953,True
npuzzle_15x15_len8_0.txt,15,8,dfs,0.16924095153808594,True
npuzzle_15x15_len8_0.txt,15,8,astar,0.0038726329803466797,True
npuzzle_15x15_len8_1.txt,15,8,bfs,8.606910705566406e-05,True
npuzzle_15x15_len8_1.txt,15,8,dfs,6.413459777832031e-05,True
npuzzle_15x15_len8_1.txt,15,8,astar,0.0006728172302246094,True
npuzzle_15x15_len8_2.txt,15,8,bfs,7.891654968261719e-05,True
npuzzle_15x15_len8_2.txt,15,8,dfs,6.628036499023438e-05,True
npuzzle_15x15_len8_2.txt,15,8,astar,0.0006656646728515625,True
npuzzle_15x15_len9_0.txt,15,9,bfs,0.03100275993347168,True
npuzzle_15x15_len9_0.txt,15,9,dfs,0.032056570053100586,True
npuzzle_15x15_len9_0.txt,15,9,astar,0.002773284912109375,True
npuzzle_15x15_len9_1.txt,15,9,bfs,4.553794860839844e-05,True
npuzzle_15x15_len9_1.txt,15,9,dfs,2.47955322265625e-05,True
npuzzle_15x15_len9_1.txt,15,9,astar,0.00010561943054199219,True
npuzzle_15x15_len9_2.txt,15,9,bfs,0.0010666847229003906,True
npuzzle_15x15_len9_2.txt,15,9,dfs,0.0010471343994140625,True
npuzzle_15x15_len9_2.txt,15,9,astar,0.0015444755554199219,True
npuzzle_17x17_len10_0.txt,17,10,bfs,9.655952453613281e-05,True
npuzzle_17x17_len10_0.txt,17,10,dfs,8.058547973632812e-05,True
npuzzle_17x17_len10_0.txt,17,10,astar,0.0008611679077148438,True
npuzzle_17x17_len10_1.txt,17,10,bfs,0.007828235626220703,True
npuzzle_17x17_len10_1.txt,17,10,dfs,0.006224393844604492,True
npuzzle_17x17_len10_1.txt,17,10,astar,0.0035364627838134766,True
npuzzle_17x17_len10_2.txt,17,10,bfs,0.00015592575073242188,True
npuzzle_17x17_len10_2.txt,17,10,dfs,0.00011396408081054688,True
npuzzle_17x17_len10_2.txt,17,10,astar,0.0006556510925292969,True
npuzzle_17x17_len11_0.txt,17,11,bfs,0.07289457321166992,True
npuzzle_17x17_len11_0.txt,17,11,dfs,0.09016871452331543,True
npuzzle_17x17_len11_0.txt,17,11,astar,0.003489255905151367,True
npuzzle_17x17_len11_1.txt,17,11,bfs,0.032471418380737305,True
npuzzle_17x17_len11_1.txt,17,11,dfs,0.03417372703552246,True
npuzzle_17x17_len11_1.txt,17,11,astar,0.0034067630767822266,True
npuzzle_17x17_len11_2.txt,17,11,bfs,3.743171691894531e-05,True
npuzzle_17x17_len11_2.txt,17,11,dfs,2.86102294921875e-05,True
npuzzle_17x17_len11_2.txt,17,11,astar,0.00014019012451171875,True
npuzzle_17x17_len12_0.txt,17,12,bfs,0.4994697570800781,True
npuzzle_17x17_len12_0.txt,17,12,dfs,0.6141140460968018,True
npuzzle_17x17_len12_0.txt,17,12,astar,0.009994268417358398,True
npuzzle_17x17_len12_1.txt,17,12,bfs,0.012407064437866211,True
npuzzle_17x17_len12_1.txt,17,12,dfs,0.013108253479003906,True
npuzzle_17x17_len12_1.txt,17,12,astar,0.0024890899658203125,True
npuzzle_17x17_len12_2.txt,17,12,bfs,0.0018398761749267578,True
npuzzle_17x17_len12_2.txt,17,12,dfs,0.0014743804931640625,True
npuzzle_17x17_len12_2.txt,17,12,astar,0.0015707015991210938,True
npuzzle_17x17_len13_0.txt,17,13,bfs,0.0014684200286865234,True
npuzzle_17x17_len13_0.txt,17,13,dfs,0.0017690658569335938,True
npuzzle_17x17_len13_0.txt,17,13,astar,0.002198457717895508,True
npuzzle_17x17_len13_1.txt,17,13,bfs,1.3551740646362305,True
npuzzle_17x17_len13_1.txt,17,13,dfs,1.9960439205169678,True
npuzzle_17x17_len13_1.txt,17,13,astar,0.006620883941650391,True
npuzzle_17x17_len13_2.txt,17,13,bfs,0.002565145492553711,True
npuzzle_17x17_len13_2.txt,17,13,dfs,0.003879547119140625,True
npuzzle_17x17_len13_2.txt,17,13,astar,0.0015330314636230469,True
npuzzle_17x17_len14_0.txt,17,14,bfs,1.5923705101013184,True
npuzzle_17x17_len14_0.txt,17,14,dfs,2.2782199382781982,True
npuzzle_17x17_len14_0.txt,17,14,astar,0.004312038421630859,True
npuzzle_17x17_len14_1.txt,17,14,bfs,0.5474517345428467,True
npuzzle_17x17_len14_1.txt,17,14,dfs,0.8280136585235596,True
npuzzle_17x17_len14_1.txt,17,14,astar,0.009089231491088867,True
npuzzle_17x17_len14_2.txt,17,14,bfs,0.00015592575073242188,True
npuzzle_17x17_len14_2.txt,17,14,dfs,0.00011396408081054688,True
npuzzle_17x17_len14_2.txt,17,14,astar,0.0006167888641357422,True
npuzzle_17x17_len15_0.txt,17,15,bfs,0.39545154571533203,True
npuzzle_17x17_len15_0.txt,17,15,dfs,0.517810583114624,True
npuzzle_17x17_len15_0.txt,17,15,astar,0.0048065185546875,True
npuzzle_17x17_len15_1.txt,17,15,bfs,0.0005235671997070312,True
npuzzle_17x17_len15_1.txt,17,15,dfs,0.000476837158203125,True
npuzzle_17x17_len15_1.txt,17,15,astar,0.0010831356048583984,True
npuzzle_17x17_len15_2.txt,17,15,bfs,0.05807304382324219,True
npuzzle_17x17_len15_2.txt,17,15,dfs,0.06187915802001953,True
npuzzle_17x17_len15_2.txt,17,15,astar,0.0034084320068359375,True
npuzzle_17x17_len16_0.txt,17,16,bfs,0.018959760665893555,True
npuzzle_17x17_len16_0.txt,17,16,dfs,0.027156829833984375,True
npuzzle_17x17_len16_0.txt,17,16,astar,0.002696990966796875,True
npuzzle_17x17_len16_1.txt,17,16,bfs,0.017218589782714844,True
npuzzle_17x17_len16_1.txt,17,16,dfs,0.020570039749145508,True
npuzzle_17x17_len16_1.txt,17,16,astar,0.0028810501098632812,True
npuzzle_17x17_len16_2.txt,17,16,bfs,0.0008800029754638672,True
npuzzle_17x17_len16_2.txt,17,16,dfs,0.0008540153503417969,True
npuzzle_17x17_len16_2.txt,17,16,astar,0.0014004707336425781,True
npuzzle_17x17_len17_0.txt,17,17,bfs,1.3218188285827637,True
npuzzle_17x17_len17_0.txt,17,17,dfs,1.9194138050079346,True
npuzzle_17x17_len17_0.txt,17,17,astar,0.01321554183959961,True
npuzzle_17x17_len17_1.txt,17,17,bfs,0.06900501251220703,True
npuzzle_17x17_len17_1.txt,17,17,dfs,0.07149314880371094,True
npuzzle_17x17_len17_1.txt,17,17,astar,0.002770662307739258,True
npuzzle_17x17_len17_2.txt,17,17,bfs,0.0001990795135498047,True
npuzzle_17x17_len17_2.txt,17,17,dfs,0.0001513957977294922,True
npuzzle_17x17_len17_2.txt,17,17,astar,0.0008108615875244141,True
npuzzle_17x17_len18_0.txt,17,18,bfs,0.029236555099487305,True
npuzzle_17x17_len18_0.txt,17,18,dfs,0.03219413757324219,True
npuzzle_17x17_len18_0.txt,17,18,astar,0.003056049346923828,True
npuzzle_17x17_len18_1.txt,17,18,bfs,0.07553267478942871,True
npuzzle_17x17_len18_1.txt,17,18,dfs,0.08484339714050293,True
npuzzle_17x17_len18_1.txt,17,18,astar,0.006203174591064453,True
npuzzle_17x17_len18_2.txt,17,18,bfs,0.1288743019104004,True
npuzzle_17x17_len18_2.txt,17,18,dfs,0.1551814079284668,True
npuzzle_17x17_len18_2.txt,17,18,astar,0.0046651363372802734,True
npuzzle_17x17_len19_0.txt,17,19,bfs,0.0013699531555175781,True
npuzzle_17x17_len19_0.txt,17,19,dfs,0.0013053417205810547,True
npuzzle_17x17_len19_0.txt,17,19,astar,0.0027227401733398438,True
npuzzle_17x17_len19_1.txt,17,19,bfs,0.4773898124694824,True
npuzzle_17x17_len19_1.txt,17,19,dfs,0.5563111305236816,True
npuzzle_17x17_len19_1.txt,17,19,astar,0.005590677261352539,True
npuzzle_17x17_len19_2.txt,17,19,bfs,9.693166494369507,True
npuzzle_17x17_len19_2.txt,17,19,dfs,21.038392782211304,True
npuzzle_17x17_len19_2.txt,17,19,astar,0.005021572113037109,True
npuzzle_17x17_len1_0.txt,17,1,bfs,8.654594421386719e-05,True
npuzzle_17x17_len1_0.txt,17,1,dfs,3.62396240234375e-05,True
npuzzle_17x17_len1_0.txt,17,1,astar,0.0002684593200683594,True
npuzzle_17x17_len1_1.txt,17,1,bfs,2.956390380859375e-05,True
npuzzle_17x17_len1_1.txt,17,1,dfs,2.288818359375e-05,True
npuzzle_17x17_len1_1.txt,17,1,astar,0.00011897087097167969,True
npuzzle_17x17_len1_2.txt,17,1,bfs,3.4332275390625e-05,True
npuzzle_17x17_len1_2.txt,17,1,dfs,3.147125244140625e-05,True
npuzzle_17x17_len1_2.txt,17,1,astar,0.0002837181091308594,True
npuzzle_17x17_len20_0.txt,17,20,bfs,0.0162961483001709,True
npuzzle_17x17_len20_0.txt,17,20,dfs,0.021668434143066406,True
npuzzle_17x17_len20_0.txt,17,20,astar,0.0028257369995117188,True
npuzzle_17x17_len20_1.txt,17,20,bfs,0.006309032440185547,True
npuzzle_17x17_len20_1.txt,17,20,dfs,0.0051267147064208984,True
npuzzle_17x17_len20_1.txt,17,20,astar,0.001851797103881836,True
npuzzle_17x17_len20_2.txt,17,20,bfs,0.9405422210693359,True
npuzzle_17x17_len20_2.txt,17,20,dfs,1.3435144424438477,True
npuzzle_17x17_len20_2.txt,17,20,astar,0.004381656646728516,True
npuzzle_17x17_len2_1.txt,17,2,bfs,0.00015807151794433594,True
npuzzle_17x17_len2_1.txt,17,2,dfs,0.00011539459228515625,True
npuzzle_17x17_len2_1.txt,17,2,astar,0.0006685256958007812,True
npuzzle_17x17_len2_2.txt,17,2,bfs,8.821487426757812e-05,True
npuzzle_17x17_len2_2.txt,17,2,dfs,8.058547973632812e-05,True
npuzzle_17x17_len2_2.txt,17,2,astar,0.0008797645568847656,True
npuzzle_17x17_len3_0.txt,17,3,bfs,0.00023674964904785156,True
npuzzle_17x17_len3_0.txt,17,3,dfs,0.00021266937255859375,True
npuzzle_17x17_len3_0.txt,17,3,astar,0.0011947154998779297,True
npuzzle_17x17_len3_1.txt,17,3,bfs,0.00023484230041503906,True
npuzzle_17x17_len3_1.txt,17,3,dfs,0.00020885467529296875,True
npuzzle_17x17_len3_1.txt,17,3,astar,0.0013365745544433594,True
npuzzle_17x17_len3_2.txt,17,3,bfs,0.00039124488830566406,True
npuzzle_17x17_len3_2.txt,17,3,dfs,0.0003974437713623047,True
npuzzle_17x17_len3_2.txt,17,3,astar,0.0008957386016845703,True
npuzzle_17x17_len4_0.txt,17,4,bfs,0.00011181831359863281,True
npuzzle_17x17_len4_0.txt,17,4,dfs,0.00010085105895996094,True
npuzzle_17x17_len4_0.txt,17,4,astar,0.0006310939788818359,True
npuzzle_17x17_len4_1.txt,17,4,bfs,0.00011682510375976562,True
npuzzle_17x17_len4_1.txt,17,4,dfs,9.775161743164062e-05,True
npuzzle_17x17_len4_1.txt,17,4,astar,0.0007224082946777344,True
npuzzle_17x17_len4_2.txt,17,4,bfs,0.0021255016326904297,True
npuzzle_17x17_len4_2.txt,17,4,dfs,0.001218557357788086,True
npuzzle_17x17_len4_2.txt,17,4,astar,0.0015997886657714844,True
npuzzle_17x17_len5_0.txt,17,5,bfs,0.00043201446533203125,True
npuzzle_17x17_len5_0.txt,17,5,dfs,0.0004220008850097656,True
npuzzle_17x17_len5_0.txt,17,5,astar,0.0009918212890625,True
npuzzle_17x17_len5_1.txt,17,5,bfs,0.0002543926239013672,True
npuzzle_17x17_len5_1.txt,17,5,dfs,0.000209808349609375,True
npuzzle_17x17_len5_1.txt,17,5,astar,0.0010941028594970703,True
npuzzle_17x17_len5_2.txt,17,5,bfs,0.00023055076599121094,True
npuzzle_17x17_len5_2.txt,17,5,dfs,0.00023293495178222656,True
npuzzle_17x17_len5_2.txt,17,5,astar,0.0009701251983642578,True
npuzzle_17x17_len6_0.txt,17,6,bfs,0.0010526180267333984,True
npuzzle_17x17_len6_0.txt,17,6,dfs,0.0010356903076171875,True
npuzzle_17x17_len6_0.txt,17,6,astar,0.0016722679138183594,True
npuzzle_17x17_len6_2.txt,17,6,bfs,0.00011610984802246094,True
npuzzle_17x17_len6_2.txt,17,6,dfs,0.000110626220703125,True
npuzzle_17x17_len6_2.txt,17,6,astar,0.0009663105010986328,True
npuzzle_17x17_len7_0.txt,17,7,bfs,0.0023589134216308594,True
npuzzle_17x17_len7_0.txt,17,7,dfs,0.0023331642150878906,True
npuzzle_17x17_len7_0.txt,17,7,astar,0.0017137527465820312,True
npuzzle_17x17_len7_1.txt,17,7,bfs,3.719329833984375e-05,True
npuzzle_17x17_len7_1.txt,17,7,dfs,3.409385681152344e-05,True
npuzzle_17x17_len7_1.txt,17,7,astar,0.00025153160095214844,True
npuzzle_17x17_len7_2.txt,17,7,bfs,0.0398402214050293,True
npuzzle_17x17_len7_2.txt,17,7,dfs,0.03816819190979004,True
npuzzle_17x17_len7_2.txt,17,7,astar,0.0034856796264648438,True
npuzzle_17x17_len8_1.txt,17,8,bfs,0.014433860778808594,True
npuzzle_17x17_len8_1.txt,17,8,dfs,0.014879465103149414,True
npuzzle_17x17_len8_1.txt,17,8,astar,0.0029528141021728516,True
npuzzle_17x17_len8_2.txt,17,8,bfs,0.0070343017578125,True
npuzzle_17x17_len8_2.txt,17,8,dfs,0.00863504409790039,True
npuzzle_17x17_len8_2.txt,17,8,astar,0.0030612945556640625,True
npuzzle_17x17_len9_0.txt,17,9,bfs,0.00047779083251953125,True
npuzzle_17x17_len9_0.txt,17,9,dfs,0.0004470348358154297,True
npuzzle_17x17_len9_0.txt,17,9,astar,0.0011439323425292969,True
npuzzle_17x17_len9_1.txt,17,9,bfs,0.00018477439880371094,True
npuzzle_17x17_len9_1.txt,17,9,dfs,0.00017833709716796875,True
npuzzle_17x17_len9_1.txt,17,9,astar,0.0009930133819580078,True
npuzzle_17x17_len9_2.txt,17,9,bfs,0.005629301071166992,True
npuzzle_17x17_len9_2.txt,17,9,dfs,0.004960775375366211,True
npuzzle_17x17_len9_2.txt,17,9,astar,0.0021047592163085938,True
npuzzle_3x3_len10_0.txt,3,10,bfs,0.0003445148468017578,True
npuzzle_3x3_len10_0.txt,3,10,dfs,0.00033473968505859375,True
npuzzle_3x3_len10_0.txt,3,10,astar,0.0001494884490966797,True
npuzzle_3x3_len10_1.txt,3,10,bfs,0.00010132789611816406,True
npuzzle_3x3_len10_1.txt,3,10,dfs,9.822845458984375e-05,True
npuzzle_3x3_len10_1.txt,3,10,astar,0.00010728836059570312,True
npuzzle_3x3_len10_2.txt,3,10,bfs,4.410743713378906e-05,True
npuzzle_3x3_len10_2.txt,3,10,dfs,6.031990051269531e-05,True
npuzzle_3x3_len10_2.txt,3,10,astar,6.532669067382812e-05,True
npuzzle_3x3_len11_0.txt,3,11,bfs,0.00016617774963378906,True
npuzzle_3x3_len11_0.txt,3,11,dfs,0.0001621246337890625,True
npuzzle_3x3_len11_0.txt,3,11,astar,0.00016045570373535156,True
npuzzle_3x3_len11_1.txt,3,11,bfs,6.818771362304688e-05,True
npuzzle_3x3_len11_1.txt,3,11,dfs,5.507469177246094e-05,True
npuzzle_3x3_len11_1.txt,3,11,astar,9.703636169433594e-05,True
npuzzle_3x3_len11_2.txt,3,11,bfs,2.1696090698242188e-05,True
npuzzle_3x3_len11_2.txt,3,11,dfs,1.8358230590820312e-05,True
npuzzle_3x3_len11_2.txt,3,11,astar,3.24249267578125e-05,True
npuzzle_3x3_len12_0.txt,3,12,bfs,3.1948089599609375e-05,True
npuzzle_3x3_len12_0.txt,3,12,dfs,2.956390380859375e-05,True
npuzzle_3x3_len12_0.txt,3,12,astar,7.987022399902344e-05,True
npuzzle_3x3_len12_1.txt,3,12,bfs,0.000152587890625,True
npuzzle_3x3_len12_1.txt,3,12,dfs,0.00016260147094726562,True
npuzzle_3x3_len12_1.txt,3,12,astar,9.608268737792969e-05,True
npuzzle_3x3_len12_2.txt,3,12,bfs,0.0013508796691894531,True
npuzzle_3x3_len12_2.txt,3,12,dfs,0.0011014938354492188,True
npuzzle_3x3_len12_2.txt,3,12,astar,0.0006268024444580078,True
npuzzle_3x3_len13_0.txt,3,13,bfs,0.00014162063598632812,True
npuzzle_3x3_len13_0.txt,3,13,dfs,0.000164031982421875,True
npuzzle_3x3_len13_0.txt,3,13,astar,0.00015091896057128906,True
npuzzle_3x3_len13_1.txt,3,13,bfs,0.00016260147094726562,True
npuzzle_3x3_len13_1.txt,3,13,dfs,0.00016236305236816406,True
npuzzle_3x3_len13_1.txt,3,13,astar,0.00016736984252929688,True
npuzzle_3x3_len13_2.txt,3,13,bfs,7.176399230957031e-05,True
npuzzle_3x3_len13_2.txt,3,13,dfs,6.985664367675781e-05,True
npuzzle_3x3_len13_2.txt,3,13,astar,8.130073547363281e-05,True
npuzzle_3x3_len14_0.txt,3,14,bfs,0.00010323524475097656,True
npuzzle_3x3_len14_0.txt,3,14,dfs,9.989738464355469e-05,True
npuzzle_3x3_len14_0.txt,3,14,astar,0.00010609626770019531,True
npuzzle_3x3_len14_1.txt,3,14,bfs,0.0003190040588378906,True
npuzzle_3x3_len14_1.txt,3,14,dfs,0.0003390312194824219,True
npuzzle_3x3_len14_1.txt,3,14,astar,0.0002677440643310547,True
npuzzle_3x3_len14_2.txt,3,14,bfs,0.0004127025604248047,True
npuzzle_3x3_len14_2.txt,3,14,dfs,0.0004458427429199219,True
npuzzle_3x3_len14_2.txt,3,14,astar,0.000469207763671875,True
npuzzle_3x3_len15_0.txt,3,15,bfs,0.00012040138244628906,True
npuzzle_3x3_len15_0.txt,3,15,dfs,0.00012040138244628906,True
npuzzle_3x3_len15_0.txt,3,15,astar,0.0001475811004638672,True
npuzzle_3x3_len15_1.txt,3,15,bfs,6.914138793945312e-05,True
npuzzle_3x3_len15_1.txt,3,15,dfs,6.628036499023438e-05,True
npuzzle_3x3_len15_1.txt,3,15,astar,0.0001418590545654297,True
npuzzle_3x3_len15_2.txt,3,15,bfs,8.58306884765625e-05,True
npuzzle_3x3_len15_2.txt,3,15,dfs,7.939338684082031e-05,True
npuzzle_3x3_len15_2.txt,3,15,astar,7.867813110351562e-05,True
npuzzle_3x3_len16_0.txt,3,16,bfs,0.00033664703369140625,True
npuzzle_3x3_len16_0.txt,3,16,dfs,0.00033402442932128906,True
npuzzle_3x3_len16_0.txt,3,16,astar,0.00023651123046875,True
npuzzle_3x3_len16_1.txt,3,16,bfs,0.0028123855590820312,True
npuzzle_3x3_len16_1.txt,3,16,dfs,0.0028839111328125,True
npuzzle_3x3_len16_1.txt,3,16,astar,0.0006115436553955078,True
npuzzle_3x3_len16_2.txt,3,16,bfs,0.0014085769653320312,True
npuzzle_3x3_len16_2.txt,3,16,dfs,0.0014085769653320312,True
npuzzle_3x3_len16_2.txt,3,16,astar,0.00036334991455078125,True
npuzzle_3x3_len17_0.txt,3,17,bfs,0.0015556812286376953,True
npuzzle_3x3_len17_0.txt,3,17,dfs,0.0015778541564941406,True
npuzzle_3x3_len17_0.txt,3,17,astar,0.0004730224609375,True
npuzzle_3x3_len17_1.txt,3,17,bfs,0.0013515949249267578,True
npuzzle_3x3_len17_1.txt,3,17,dfs,0.0013685226440429688,True
npuzzle_3x3_len17_1.txt,3,17,astar,0.0006744861602783203,True
npuzzle_3x3_len17_2.txt,3,17,bfs,0.0001323223114013672,True
npuzzle_3x3_len17_2.txt,3,17,dfs,0.00013184547424316406,True
npuzzle_3x3_len17_2.txt,3,17,astar,0.00013971328735351562,True
npuzzle_3x3_len18_0.txt,3,18,bfs,0.033193111419677734,True
npuzzle_3x3_len18_0.txt,3,18,dfs,0.05111217498779297,True
npuzzle_3x3_len18_0.txt,3,18,astar,0.020578861236572266,True
npuzzle_3x3_len18_1.txt,3,18,bfs,0.0001361370086669922,True
npuzzle_3x3_len18_1.txt,3,18,dfs,0.00012683868408203125,True
npuzzle_3x3_len18_1.txt,3,18,astar,0.00018334388732910156,True
npuzzle_3x3_len18_2.txt,3,18,bfs,0.0004413127899169922,True
npuzzle_3x3_len18_2.txt,3,18,dfs,0.000286102294921875,True
npuzzle_3x3_len18_2.txt,3,18,astar,0.00019788742065429688,True
npuzzle_3x3_len19_0.txt,3,19,bfs,0.0025331974029541016,True
npuzzle_3x3_len19_0.txt,3,19,dfs,0.0018188953399658203,True
npuzzle_3x3_len19_0.txt,3,19,astar,0.0005052089691162109,True
npuzzle_3x3_len19_1.txt,3,19,bfs,0.005173921585083008,True
npuzzle_3x3_len19_1.txt,3,19,dfs,0.0070459842681884766,True
npuzzle_3x3_len19_1.txt,3,19,astar,0.001016855239868164,True
npuzzle_3x3_len19_2.txt,3,19,bfs,0.0015900135040283203,True
npuzzle_3x3_len19_2.txt,3,19,dfs,0.0022306442260742188,True
npuzzle_3x3_len19_2.txt,3,19,astar,0.0012269020080566406,True
npuzzle_3x3_len1_0.txt,3,1,bfs,3.1948089599609375e-05,True
npuzzle_3x3_len1_0.txt,3,1,dfs,1.6689300537109375e-05,True
npuzzle_3x3_len1_0.txt,3,1,astar,3.0994415283203125e-05,True
npuzzle_3x3_len1_1.txt,3,1,bfs,6.794929504394531e-05,True
npuzzle_3x3_len1_1.txt,3,1,dfs,3.8623809814453125e-05,True
npuzzle_3x3_len1_1.txt,3,1,astar,5.364418029785156e-05,True
npuzzle_3x3_len1_2.txt,3,1,bfs,2.3603439331054688e-05,True
npuzzle_3x3_len1_2.txt,3,1,dfs,2.0742416381835938e-05,True
npuzzle_3x3_len1_2.txt,3,1,astar,3.3855438232421875e-05,True
npuzzle_3x3_len20_0.txt,3,20,bfs,0.000339508056640625,True
npuzzle_3x3_len20_0.txt,3,20,dfs,0.00029206275939941406,True
npuzzle_3x3_len20_0.txt,3,20,astar,0.0001926422119140625,True
npuzzle_3x3_len20_1.txt,3,20,bfs,0.0004444122314453125,True
npuzzle_3x3_len20_1.txt,3,20,dfs,0.00032520294189453125,True
npuzzle_3x3_len20_1.txt,3,20,astar,0.0004487037658691406,True
npuzzle_3x3_len20_2.txt,3,20,bfs,5.078315734863281e-05,True
npuzzle_3x3_len20_2.txt,3,20,dfs,2.4318695068359375e-05,True
npuzzle_3x3_len20_2.txt,3,20,astar,5.53131103515625e-05,True
npuzzle_3x3_len3_0.txt,3,3,bfs,2.384185791015625e-05,True
npuzzle_3x3_len3_0.txt,3,3,dfs,1.4781951904296875e-05,True
npuzzle_3x3_len3_0.txt,3,3,astar,2.6702880859375e-05,True
npuzzle_3x3_len3_1.txt,3,3,bfs,2.6702880859375e-05,True
npuzzle_3x3_len3_1.txt,3,3,dfs,2.4318695068359375e-05,True
npuzzle_3x3_len3_1.txt,3,3,astar,4.649162292480469e-05,True
npuzzle_3x3_len3_2.txt,3,3,bfs,8.559226989746094e-05,True
npuzzle_3x3_len3_2.txt,3,3,dfs,7.939338684082031e-05,True
npuzzle_3x3_len3_2.txt,3,3,astar,0.00015091896057128906,True
npuzzle_3x3_len4_1.txt,3,4,bfs,0.0001957416534423828,True
npuzzle_3x3_len4_1.txt,3,4,dfs,0.0001709461212158203,True
npuzzle_3x3_len4_1.txt,3,4,astar,0.00018334388732910156,True
npuzzle_3x3_len4_2.txt,3,4,bfs,9.655952453613281e-05,True
npuzzle_3x3_len4_2.txt,3,4,dfs,0.00010061264038085938,True
npuzzle_3x3_len4_2.txt,3,4,astar,0.00016689300537109375,True
npuzzle_3x3_len5_0.txt,3,5,bfs,7.43865966796875e-05,True
npuzzle_3x3_len5_0.txt,3,5,dfs,0.00010204315185546875,True
npuzzle_3x3_len5_0.txt,3,5,astar,0.00010991096496582031,True
npuzzle_3x3_len5_1.txt,3,5,bfs,7.581710815429688e-05,True
npuzzle_3x3_len5_1.txt,3,5,dfs,8.20159912109375e-05,True
npuzzle_3x3_len5_1.txt,3,5,astar,0.00019478797912597656,True
npuzzle_3x3_len5_2.txt,3,5,bfs,0.000102996826171875,True
npuzzle_3x3_len5_2.txt,3,5,dfs,3.0994415283203125e-05,True
npuzzle_3x3_len5_2.txt,3,5,astar,5.125999450683594e-05,True
npuzzle_3x3_len6_0.txt,3,6,bfs,3.457069396972656e-05,True
npuzzle_3x3_len6_0.txt,3,6,dfs,4.7206878662109375e-05,True
npuzzle_3x3_len6_0.txt,3,6,astar,6.914138793945312e-05,True
npuzzle_3x3_len6_1.txt,3,6,bfs,7.605552673339844e-05,True
npuzzle_3x3_len6_1.txt,3,6,dfs,8.58306884765625e-05,True
npuzzle_3x3_len6_1.txt,3,6,astar,9.846687316894531e-05,True
npuzzle_3x3_len6_2.txt,3,6,bfs,9.179115295410156e-05,True
npuzzle_3x3_len6_2.txt,3,6,dfs,5.1975250244140625e-05,True
npuzzle_3x3_len6_2.txt,3,6,astar,7.295608520507812e-05,True
npuzzle_3x3_len7_0.txt,3,7,bfs,0.0003192424774169922,True
npuzzle_3x3_len7_0.txt,3,7,dfs,0.00025773048400878906,True
npuzzle_3x3_len7_0.txt,3,7,astar,0.00014853477478027344,True
npuzzle_3x3_len7_1.txt,3,7,bfs,1.7404556274414062e-05,True
npuzzle_3x3_len7_1.txt,3,7,dfs,1.3113021850585938e-05,True
npuzzle_3x3_len7_1.txt,3,7,astar,2.0503997802734375e-05,True
npuzzle_3x3_len7_2.txt,3,7,bfs,0.00017595291137695312,True
npuzzle_3x3_len7_2.txt,3,7,dfs,0.00018739700317382812,True
npuzzle_3x3_len7_2.txt,3,7,astar,0.00018334388732910156,True
npuzzle_3x3_len8_0.txt,3,8,bfs,0.00010943412780761719,True
npuzzle_3x3_len8_0.txt,3,8,dfs,0.00010919570922851562,True
npuzzle_3x3_len8_0.txt,3,8,astar,0.00011658668518066406,True
npuzzle_3x3_len8_1.txt,3,8,bfs,0.00034618377685546875,True
npuzzle_3x3_len8_1.txt,3,8,dfs,0.0003352165222167969,True
npuzzle_3x3_len8_1.txt,3,8,astar,0.0002582073211669922,True
npuzzle_3x3_len8_2.txt,3,8,bfs,0.0009272098541259766,True
npuzzle_3x3_len8_2.txt,3,8,dfs,0.0009975433349609375,True
npuzzle_3x3_len8_2.txt,3,8,astar,0.0005221366882324219,True
npuzzle_3x3_len9_0.txt,3,9,bfs,0.00031876564025878906,True
npuzzle_3x3_len9_0.txt,3,9,dfs,0.00035762786865234375,True
npuzzle_3x3_len9_0.txt,3,9,astar,0.00017786026000976562,True
npuzzle_3x3_len9_1.txt,3,9,bfs,0.00022482872009277344,True
npuzzle_3x3_len9_1.txt,3,9,dfs,0.000171661376953125,True
npuzzle_3x3_len9_1.txt,3,9,astar,0.0001728534698486328,True
npuzzle_3x3_len9_2.txt,3,9,bfs,0.0002548694610595703,True
npuzzle_3x3_len9_2.txt,3,9,dfs,0.00022745132446289062,True
npuzzle_3x3_len9_2.txt,3,9,astar,0.00017547607421875,True
npuzzle_5x5_len10_0.txt,5,10,bfs,0.0022733211517333984,True
npuzzle_5x5_len10_0.txt,5,10,dfs,0.002826690673828125,True
npuzzle_5x5_len10_0.txt,5,10,astar,0.0007405281066894531,True
npuzzle_5x5_len10_1.txt,5,10,bfs,8.082389831542969e-05,True
npuzzle_5x5_len10_1.txt,5,10,dfs,7.939338684082031e-05,True
npuzzle_5x5_len10_1.txt,5,10,astar,0.0001316070556640625,True
npuzzle_5x5_len10_2.txt,5,10,bfs,0.0004925727844238281,True
npuzzle_5x5_len10_2.txt,5,10,dfs,0.00037670135498046875,True
npuzzle_5x5_len10_2.txt,5,10,astar,0.0002713203430175781,True
npuzzle_5x5_len11_0.txt,5,11,bfs,1.9311904907226562e-05,True
npuzzle_5x5_len11_0.txt,5,11,dfs,2.3126602172851562e-05,True
npuzzle_5x5_len11_0.txt,5,11,astar,3.7670135498046875e-05,True
npuzzle_5x5_len11_1.txt,5,11,bfs,0.006907224655151367,True
npuzzle_5x5_len11_1.txt,5,11,dfs,0.008498668670654297,True
npuzzle_5x5_len11_1.txt,5,11,astar,0.0009570121765136719,True
npuzzle_5x5_len11_2.txt,5,11,bfs,0.003541231155395508,True
npuzzle_5x5_len11_2.txt,5,11,dfs,0.0036001205444335938,True
npuzzle_5x5_len11_2.txt,5,11,astar,0.0006577968597412109,True
npuzzle_5x5_len12_0.txt,5,12,bfs,0.00037288665771484375,True
npuzzle_5x5_len12_0.txt,5,12,dfs,0.0003008842468261719,True
npuzzle_5x5_len12_0.txt,5,12,astar,0.0004947185516357422,True
npuzzle_5x5_len12_1.txt,5,12,bfs,0.06375598907470703,True
npuzzle_5x5_len12_1.txt,5,12,dfs,0.0716705322265625,True
npuzzle_5x5_len12_1.txt,5,12,astar,0.0010104179382324219,True
npuzzle_5x5_len12_2.txt,5,12,bfs,0.07229900360107422,True
npuzzle_5x5_len12_2.txt,5,12,dfs,0.09165477752685547,True
npuzzle_5x5_len12_2.txt,5,12,astar,0.0009369850158691406,True
npuzzle_5x5_len13_0.txt,5,13,bfs,0.0013370513916015625,True
npuzzle_5x5_len13_0.txt,5,13,dfs,0.0013256072998046875,True
npuzzle_5x5_len13_0.txt,5,13,astar,0.0003809928894042969,True
npuzzle_5x5_len13_1.txt,5,13,bfs,0.0007989406585693359,True
npuzzle_5x5_len13_1.txt,5,13,dfs,0.0007750988006591797,True
npuzzle_5x5_len13_1.txt,5,13,astar,0.00041484832763671875,True
npuzzle_5x5_len13_2.txt,5,13,bfs,0.24082231521606445,True
npuzzle_5x5_len13_2.txt,5,13,dfs,0.4048614501953125,True
npuzzle_5x5_len13_2.txt,5,13,astar,0.0009052753448486328,True
npuzzle_5x5_len14_0.txt,5,14,bfs,0.002593517303466797,True
npuzzle_5x5_len14_0.txt,5,14,dfs,0.0022156238555908203,True
npuzzle_5x5_len14_0.txt,5,14,astar,0.0009541511535644531,True
npuzzle_5x5_len14_1.txt,5,14,bfs,0.00016760826110839844,True
npuzzle_5x5_len14_1.txt,5,14,dfs,0.0001628398895263672,True
npuzzle_5x5_len14_1.txt,5,14,astar,0.0002987384796142578,True
npuzzle_5x5_len14_2.txt,5,14,bfs,0.01429605484008789,True
npuzzle_5x5_len14_2.txt,5,14,dfs,0.015353679656982422,True
npuzzle_5x5_len14_2.txt,5,14,astar,0.0011630058288574219,True
npuzzle_5x5_len15_0.txt,5,15,bfs,0.004403114318847656,True
npuzzle_5x5_len15_0.txt,5,15,dfs,0.005259275436401367,True
npuzzle_5x5_len15_0.txt,5,15,astar,0.0008196830749511719,True
npuzzle_5x5_len15_1.txt,5,15,bfs,0.008985042572021484,True
npuzzle_5x5_len15_1.txt,5,15,dfs,0.015181303024291992,True
npuzzle_5x5_len15_1.txt,5,15,astar,0.0009648799896240234,True
npuzzle_5x5_len15_2.txt,5,15,bfs,0.0021445751190185547,True
npuzzle_5x5_len15_2.txt,5,15,dfs,0.001649618148803711,True
npuzzle_5x5_len15_2.txt,5,15,astar,0.0007488727569580078,True
npuzzle_5x5_len16_0.txt,5,16,bfs,0.176285982131958,True
npuzzle_5x5_len16_0.txt,5,16,dfs,0.22980713844299316,True
npuzzle_5x5_len16_0.txt,5,16,astar,0.0007791519165039062,True
npuzzle_5x5_len16_2.txt,5,16,bfs,0.001882791519165039,True
npuzzle_5x5_len16_2.txt,5,16,dfs,0.0020856857299804688,True
npuzzle_5x5_len16_2.txt,5,16,astar,0.000408172607421875,True
npuzzle_5x5_len17_0.txt,5,17,bfs,9.942054748535156e-05,True
npuzzle_5x5_len17_0.txt,5,17,dfs,7.915496826171875e-05,True
npuzzle_5x5_len17_0.txt,5,17,astar,0.0001595020294189453,True
npuzzle_5x5_len17_1.txt,5,17,bfs,0.0002815723419189453,True
npuzzle_5x5_len17_1.txt,5,17,dfs,0.00017952919006347656,True
npuzzle_5x5_len17_1.txt,5,17,astar,0.0003037452697753906,True
npuzzle_5x5_len17_2.txt,5,17,bfs,0.047158241271972656,True
npuzzle_5x5_len17_2.txt,5,17,dfs,0.05604243278503418,True
npuzzle_5x5_len17_2.txt,5,17,astar,0.0006577968597412109,True
npuzzle_5x5_len18_0.txt,5,18,bfs,0.008778810501098633,True
npuzzle_5x5_len18_0.txt,5,18,dfs,0.010456323623657227,True
npuzzle_5x5_len18_0.txt,5,18,astar,0.001493692398071289,True
npuzzle_5x5_len18_1.txt,5,18,bfs,0.0013308525085449219,True
npuzzle_5x5_len18_1.txt,5,18,dfs,0.00101470947265625,True
npuzzle_5x5_len18_1.txt,5,18,astar,0.0005309581756591797,True
npuzzle_5x5_len18_2.txt,5,18,bfs,0.18937468528747559,True
npuzzle_5x5_len18_2.txt,5,18,dfs,0.2837245464324951,True
npuzzle_5x5_len18_2.txt,5,18,astar,0.004244089126586914,True
npuzzle_5x5_len19_0.txt,5,19,bfs,0.6317834854125977,True
npuzzle_5x5_len19_0.txt,5,19,dfs,1.0611639022827148,True
npuzzle_5x5_len19_0.txt,5,19,astar,0.002394437789916992,True
npuzzle_5x5_len19_1.txt,5,19,bfs,0.002244710922241211,True
npuzzle_5x5_len19_1.txt,5,19,dfs,0.0023946762084960938,True
npuzzle_5x5_len19_1.txt,5,19,astar,0.0007588863372802734,True
npuzzle_5x5_len19_2.txt,5,19,bfs,0.0005936622619628906,True
npuzzle_5x5_len19_2.txt,5,19,dfs,0.0005197525024414062,True
npuzzle_5x5_len19_2.txt,5,19,astar,0.00036644935607910156,True
npuzzle_5x5_len1_0.txt,5,1,bfs,4.267692565917969e-05,True
npuzzle_5x5_len1_0.txt,5,1,dfs,2.47955322265625e-05,True
npuzzle_5x5_len1_0.txt,5,1,astar,5.459785461425781e-05,True
npuzzle_5x5_len1_1.txt,5,1,bfs,1.9311904907226562e-05,True
npuzzle_5x5_len1_1.txt,5,1,dfs,1.5497207641601562e-05,True
npuzzle_5x5_len1_1.txt,5,1,astar,4.1961669921875e-05,True
npuzzle_5x5_len1_2.txt,5,1,bfs,1.9311904907226562e-05,True
npuzzle_5x5_len1_2.txt,5,1,dfs,1.5735626220703125e-05,True
npuzzle_5x5_len1_2.txt,5,1,astar,2.2649765014648438e-05,True
npuzzle_5x5_len20_0.txt,5,20,bfs,0.00018858909606933594,True
npuzzle_5x5_len20_0.txt,5,20,dfs,0.00018286705017089844,True
npuzzle_5x5_len20_0.txt,5,20,astar,0.00022554397583007812,True
npuzzle_5x5_len20_1.txt,5,20,bfs,13.552758932113647,True
npuzzle_5x5_len20_1.txt,5,20,dfs,30.162308931350708,True
npuzzle_5x5_len20_1.txt,5,20,astar,0.0010221004486083984,True
npuzzle_5x5_len20_2.txt,5,20,bfs,0.06667828559875488,True
npuzzle_5x5_len20_2.txt,5,20,dfs,0.10833907127380371,True
npuzzle_5x5_len20_2.txt,5,20,astar,0.0008635520935058594,True
npuzzle_5x5_len2_2.txt,5,2,bfs,4.57763671875e-05,True
npuzzle_5x5_len2_2.txt,5,2,dfs,2.8133392333984375e-05,True
npuzzle_5x5_len2_2.txt,5,2,astar,8.153915405273438e-05,True
npuzzle_5x5_len3_0.txt,5,3,bfs,8.916854858398438e-05,True
npuzzle_5x5_len3_0.txt,5,3,dfs,8.416175842285156e-05,True
npuzzle_5x5_len3_0.txt,5,3,astar,0.00016307830810546875,True
npuzzle_5x5_len3_1.txt,5,3,bfs,0.00010728836059570312,True
npuzzle_5x5_len3_1.txt,5,3,dfs,0.00010395050048828125,True
npuzzle_5x5_len3_1.txt,5,3,astar,0.0001323223114013672,True
npuzzle_5x5_len3_2.txt,5,3,bfs,1.4066696166992188e-05,True
npuzzle_5x5_len3_2.txt,5,3,dfs,1.2159347534179688e-05,True
npuzzle_5x5_len3_2.txt,5,3,astar,2.3603439331054688e-05,True
npuzzle_5x5_len4_0.txt,5,4,bfs,5.2928924560546875e-05,True
npuzzle_5x5_len4_0.txt,5,4,dfs,5.125999450683594e-05,True
npuzzle_5x5_len4_0.txt,5,4,astar,0.00010466575622558594,True
npuzzle_5x5_len4_2.txt,5,4,bfs,3.147125244140625e-05,True
npuzzle_5x5_len4_2.txt,5,4,dfs,2.956390380859375e-05,True
npuzzle_5x5_len4_2.txt,5,4,astar,0.00012564659118652344,True
npuzzle_5x5_len5_0.txt,5,5,bfs,0.0007889270782470703,True
npuzzle_5x5_len5_0.txt,5,5,dfs,0.0008184909820556641,True
npuzzle_5x5_len5_0.txt,5,5,astar,0.00030541419982910156,True
npuzzle_5x5_len5_1.txt,5,5,bfs,0.0006036758422851562,True
npuzzle_5x5_len5_1.txt,5,5,dfs,0.000576019287109375,True
npuzzle_5x5_len5_1.txt,5,5,astar,0.0003383159637451172,True
npuzzle_5x5_len5_2.txt,5,5,bfs,5.53131103515625e-05,True
npuzzle_5x5_len5_2.txt,5,5,dfs,6.008148193359375e-05,True
npuzzle_5x5_len5_2.txt,5,5,astar,6.556510925292969e-05,True
npuzzle_5x5_len6_0.txt,5,6,bfs,0.00019550323486328125,True
npuzzle_5x5_len6_0.txt,5,6,dfs,0.00021982192993164062,True
npuzzle_5x5_len6_0.txt,5,6,astar,0.0002951622009277344,True
npuzzle_5x5_len6_1.txt,5,6,bfs,0.003252744674682617,True
npuzzle_5x5_len6_1.txt,5,6,dfs,0.0030336380004882812,True
npuzzle_5x5_len6_1.txt,5,6,astar,0.0004496574401855469,True
npuzzle_5x5_len6_2.txt,5,6,bfs,0.00019884109497070312,True
npuzzle_5x5_len6_2.txt,5,6,dfs,0.0002040863037109375,True
npuzzle_5x5_len6_2.txt,5,6,astar,0.0003216266632080078,True
npuzzle_5x5_len7_0.txt,5,7,bfs,9.441375732421875e-05,True
npuzzle_5x5_len7_0.txt,5,7,dfs,8.821487426757812e-05,True
npuzzle_5x5_len7_0.txt,5,7,astar,0.00020623207092285156,True
npuzzle_5x5_len7_1.txt,5,7,bfs,8.511543273925781e-05,True
npuzzle_5x5_len7_1.txt,5,7,dfs,8.463859558105469e-05,True
npuzzle_5x5_len7_1.txt,5,7,astar,0.00015878677368164062,True
npuzzle_5x5_len7_2.txt,5,7,bfs,1.3828277587890625e-05,True
npuzzle_5x5_len7_2.txt,5,7,dfs,1.2159347534179688e-05,True
npuzzle_5x5_len7_2.txt,5,7,astar,2.3126602172851562e-05,True
npuzzle_5x5_len8_0.txt,5,8,bfs,0.0016803741455078125,True
npuzzle_5x5_len8_0.txt,5,8,dfs,0.0020856857299804688,True
npuzzle_5x5_len8_0.txt,5,8,astar,0.0005464553833007812,True
npuzzle_5x5_len8_1.txt,5,8,bfs,4.76837158203125e-05,True
npuzzle_5x5_len8_1.txt,5,8,dfs,5.650520324707031e-05,True
npuzzle_5x5_len8_1.txt,5,8,astar,0.0001499652862548828,True
npuzzle_5x5_len8_2.txt,5,8,bfs,0.0003292560577392578,True
npuzzle_5x5_len8_2.txt,5,8,dfs,0.0003001689910888672,True
npuzzle_5x5_len8_2.txt,5,8,astar,0.00031948089599609375,True
npuzzle_5x5_len9_0.txt,5,9,bfs,0.0005357265472412109,True
npuzzle_5x5_len9_0.txt,5,9,dfs,0.00048279762268066406,True
npuzzle_5x5_len9_0.txt,5,9,astar,0.0003764629364013672,True
npuzzle_5x5_len9_1.txt,5,9,bfs,0.00032329559326171875,True
npuzzle_5x5_len9_1.txt,5,9,dfs,0.00034356117248535156,True
npuzzle_5x5_len9_1.txt,5,9,astar,0.00027108192443847656,True
npuzzle_5x5_len9_2.txt,5,9,bfs,0.00014209747314453125,True
npuzzle_5x5_len9_2.txt,5,9,dfs,0.0001513957977294922,True
npuzzle_5x5_len9_2.txt,5,9,astar,0.0001552104949951172,True
npuzzle_7x7_len10_1.txt,7,10,bfs,6.031990051269531e-05,True
npuzzle_7x7_len10_1.txt,7,10,dfs,5.984306335449219e-05,True
npuzzle_7x7_len10_1.txt,7,10,astar,0.00024509429931640625,True
npuzzle_7x7_len10_2.txt,7,10,bfs,0.0021402835845947266,True
npuzzle_7x7_len10_2.txt,7,10,dfs,0.002270221710205078,True
npuzzle_7x7_len10_2.txt,7,10,astar,0.0006196498870849609,True
npuzzle_7x7_len11_0.txt,7,11,bfs,0.0010330677032470703,True
npuzzle_7x7_len11_0.txt,7,11,dfs,0.0012242794036865234,True
npuzzle_7x7_len11_0.txt,7,11,astar,0.0004436969757080078,True
npuzzle_7x7_len11_1.txt,7,11,bfs,0.0005555152893066406,True
npuzzle_7x7_len11_1.txt,7,11,dfs,0.0005445480346679688,True
npuzzle_7x7_len11_1.txt,7,11,astar,0.0005307197570800781,True
npuzzle_7x7_len11_2.txt,7,11,bfs,0.009261846542358398,True
npuzzle_7x7_len11_2.txt,7,11,dfs,0.01174783706665039,True
npuzzle_7x7_len11_2.txt,7,11,astar,0.0007815361022949219,True
npuzzle_7x7_len12_0.txt,7,12,bfs,0.02640366554260254,True
npuzzle_7x7_len12_0.txt,7,12,dfs,0.03504014015197754,True
npuzzle_7x7_len12_0.txt,7,12,astar,0.0007839202880859375,True
npuzzle_7x7_len12_1.txt,7,12,bfs,0.00035190582275390625,True
npuzzle_7x7_len12_1.txt,7,12,dfs,0.0003457069396972656,True
npuzzle_7x7_len12_1.txt,7,12,astar,0.0003325939178466797,True
npuzzle_7x7_len12_2.txt,7,12,bfs,0.0033817291259765625,True
npuzzle_7x7_len12_2.txt,7,12,dfs,0.004740715026855469,True
npuzzle_7x7_len12_2.txt,7,12,astar,0.0009341239929199219,True
npuzzle_7x7_len13_0.txt,7,13,bfs,0.09279990196228027,True
npuzzle_7x7_len13_0.txt,7,13,dfs,0.13624906539916992,True
npuzzle_7x7_len13_0.txt,7,13,astar,0.002998828887939453,True
npuzzle_7x7_len13_1.txt,7,13,bfs,0.1744990348815918,True
npuzzle_7x7_len13_1.txt,7,13,dfs,0.26361727714538574,True
npuzzle_7x7_len13_1.txt,7,13,astar,0.0028982162475585938,True
npuzzle_7x7_len13_2.txt,7,13,bfs,0.007592678070068359,True
npuzzle_7x7_len13_2.txt,7,13,dfs,0.008669137954711914,True
npuzzle_7x7_len13_2.txt,7,13,astar,0.0011157989501953125,True
npuzzle_7x7_len14_0.txt,7,14,bfs,0.037870168685913086,True
npuzzle_7x7_len14_0.txt,7,14,dfs,0.04938936233520508,True
npuzzle_7x7_len14_0.txt,7,14,astar,0.0011661052703857422,True
npuzzle_7x7_len14_1.txt,7,14,bfs,0.011984825134277344,True
npuzzle_7x7_len14_1.txt,7,14,dfs,0.012812376022338867,True
npuzzle_7x7_len14_1.txt,7,14,astar,0.0008244514465332031,True
npuzzle_7x7_len14_2.txt,7,14,bfs,0.38883090019226074,True
npuzzle_7x7_len14_2.txt,7,14,dfs,0.7085249423980713,True
npuzzle_7x7_len14_2.txt,7,14,astar,0.0054891109466552734,True
npuzzle_7x7_len15_0.txt,7,15,bfs,0.0005679130554199219,True
npuzzle_7x7_len15_0.txt,7,15,dfs,0.0004906654357910156,True
npuzzle_7x7_len15_0.txt,7,15,astar,0.00044226646423339844,True
npuzzle_7x7_len15_1.txt,7,15,bfs,0.00010943412780761719,True
npuzzle_7x7_len15_1.txt,7,15,dfs,9.918212890625e-05,True
npuzzle_7x7_len15_1.txt,7,15,astar,0.0002472400665283203,True
npuzzle_7x7_len15_2.txt,7,15,bfs,32.618733644485474,True
npuzzle_7x7_len15_2.txt,7,15,dfs,89.39175081253052,True
npuzzle_7x7_len15_2.txt,7,15,astar,0.0013613700866699219,True
npuzzle_7x7_len16_0.txt,7,16,bfs,0.6395251750946045,True
npuzzle_7x7_len16_0.txt,7,16,dfs,1.3005690574645996,True
npuzzle_7x7_len16_0.txt,7,16,astar,0.0012218952178955078,True
npuzzle_7x7_len16_1.txt,7,16,bfs,0.00438380241394043,True
npuzzle_7x7_len16_1.txt,7,16,dfs,0.0038595199584960938,True
npuzzle_7x7_len16_1.txt,7,16,astar,0.0006036758422851562,True
npuzzle_7x7_len16_2.txt,7,16,bfs,1.8597514629364014,True
npuzzle_7x7_len16_2.txt,7,16,dfs,4.230841636657715,True
npuzzle_7x7_len16_2.txt,7,16,astar,0.0014300346374511719,True
npuzzle_7x7_len17_0.txt,7,17,bfs,0.9361534118652344,True
npuzzle_7x7_len17_0.txt,7,17,dfs,1.9750945568084717,True
npuzzle_7x7_len17_0.txt,7,17,astar,0.001447439193725586,True
npuzzle_7x7_len17_1.txt,7,17,bfs,0.0007348060607910156,True
npuzzle_7x7_len17_1.txt,7,17,dfs,0.0007278919219970703,True
npuzzle_7x7_len17_1.txt,7,17,astar,0.0005724430084228516,True
npuzzle_7x7_len17_2.txt,7,17,bfs,0.08650803565979004,True
npuzzle_7x7_len17_2.txt,7,17,dfs,0.1339888572692871,True
npuzzle_7x7_len17_2.txt,7,17,astar,0.001065969467163086,True
npuzzle_7x7_len18_0.txt,7,18,bfs,0.002905607223510742,True
npuzzle_7x7_len18_0.txt,7,18,dfs,0.004320383071899414,True
npuzzle_7x7_len18_0.txt,7,18,astar,0.0005948543548583984,True
npuzzle_7x7_len18_1.txt,7,18,bfs,0.0014922618865966797,True
npuzzle_7x7_len18_1.txt,7,18,dfs,0.0015292167663574219,True
npuzzle_7x7_len18_1.txt,7,18,astar,0.0006208419799804688,True
npuzzle_7x7_len18_2.txt,7,18,bfs,0.730018138885498,True
npuzzle_7x7_len18_2.txt,7,18,dfs,1.4884777069091797,True
npuzzle_7x7_len18_2.txt,7,18,astar,0.0012595653533935547,True
npuzzle_7x7_len19_0.txt,7,19,bfs,2.6879918575286865,True
npuzzle_7x7_len19_0.txt,7,19,dfs,6.538656949996948,True
npuzzle_7x7_len19_0.txt,7,19,astar,0.0013132095336914062,True
npuzzle_7x7_len19_1.txt,7,19,bfs,0.008728981018066406,True
npuzzle_7x7_len19_1.txt,7,19,dfs,0.01157689094543457,True
npuzzle_7x7_len19_1.txt,7,19,astar,0.0011076927185058594,True
npuzzle_7x7_len19_2.txt,7,19,bfs,0.017075061798095703,True
npuzzle_7x7_len19_2.txt,7,19,dfs,0.01769542694091797,True
npuzzle_7x7_len19_2.txt,7,19,astar,0.0011668205261230469,True
npuzzle_7x7_len1_0.txt,7,1,bfs,6.008148193359375e-05,True
npuzzle_7x7_len1_0.txt,7,1,dfs,2.2172927856445312e-05,True
npuzzle_7x7_len1_0.txt,7,1,astar,7.033348083496094e-05,True
npuzzle_7x7_len1_1.txt,7,1,bfs,2.9802322387695312e-05,True
npuzzle_7x7_len1_1.txt,7,1,dfs,2.5987625122070312e-05,True
npuzzle_7x7_len1_1.txt,7,1,astar,7.128715515136719e-05,True
npuzzle_7x7_len1_2.txt,7,1,bfs,1.5735626220703125e-05,True
npuzzle_7x7_len1_2.txt,7,1,dfs,1.33514404296875e-05,True
npuzzle_7x7_len1_2.txt,7,1,astar,3.814697265625e-05,True
npuzzle_7x7_len20_0.txt,7,20,bfs,0.21658611297607422,True
npuzzle_7x7_len20_0.txt,7,20,dfs,0.3940315246582031,True
npuzzle_7x7_len20_0.txt,7,20,astar,0.0019271373748779297,True
npuzzle_7x7_len20_1.txt,7,20,bfs,22.58846879005432,True
npuzzle_7x7_len20_1.txt,7,20,dfs,61.51959705352783,True
npuzzle_7x7_len20_1.txt,7,20,astar,0.002014636993408203,True
npuzzle_7x7_len20_2.txt,7,20,bfs,0.004280567169189453,True
npuzzle_7x7_len20_2.txt,7,20,dfs,0.004530668258666992,True
npuzzle_7x7_len20_2.txt,7,20,astar,0.001332998275756836,True
npuzzle_7x7_len2_0.txt,7,2,bfs,8.153915405273438e-05,True
npuzzle_7x7_len2_0.txt,7,2,dfs,9.584426879882812e-05,True
npuzzle_7x7_len2_0.txt,7,2,astar,0.00017786026000976562,True
npuzzle_7x7_len2_2.txt,7,2,bfs,5.698204040527344e-05,True
npuzzle_7x7_len2_2.txt,7,2,dfs,7.772445678710938e-05,True
npuzzle_7x7_len2_2.txt,7,2,astar,0.0002224445343017578,True
npuzzle_7x7_len3_0.txt,7,3,bfs,2.9325485229492188e-05,True
npuzzle_7x7_len3_0.txt,7,3,dfs,3.600120544433594e-05,True
npuzzle_7x7_len3_0.txt,7,3,astar,8.0108642578125e-05,True
npuzzle_7x7_len3_1.txt,7,3,bfs,2.86102294921875e-05,True
npuzzle_7x7_len3_1.txt,7,3,dfs,2.0503997802734375e-05,True
npuzzle_7x7_len3_1.txt,7,3,astar,5.6743621826171875e-05,True
npuzzle_7x7_len3_2.txt,7,3,bfs,1.9311904907226562e-05,True
npuzzle_7x7_len3_2.txt,7,3,dfs,1.3828277587890625e-05,True
npuzzle_7x7_len3_2.txt,7,3,astar,3.409385681152344e-05,True
npuzzle_7x7_len4_0.txt,7,4,bfs,4.2438507080078125e-05,True
npuzzle_7x7_len4_0.txt,7,4,dfs,3.3855438232421875e-05,True
npuzzle_7x7_len4_0.txt,7,4,astar,0.00020766258239746094,True
npuzzle_7x7_len4_2.txt,7,4,bfs,3.6716461181640625e-05,True
npuzzle_7x7_len4_2.txt,7,4,dfs,2.9087066650390625e-05,True
npuzzle_7x7_len4_2.txt,7,4,astar,0.0001232624053955078,True
npuzzle_7x7_len5_0.txt,7,5,bfs,2.288818359375e-05,True
npuzzle_7x7_len5_0.txt,7,5,dfs,1.9550323486328125e-05,True
npuzzle_7x7_len5_0.txt,7,5,astar,6.651878356933594e-05,True
npuzzle_7x7_len5_1.txt,7,5,bfs,8.702278137207031e-05,True
npuzzle_7x7_len5_1.txt,7,5,dfs,8.320808410644531e-05,True
npuzzle_7x7_len5_1.txt,7,5,astar,0.00023102760314941406,True
npuzzle_7x7_len5_2.txt,7,5,bfs,0.00019121170043945312,True
npuzzle_7x7_len5_2.txt,7,5,dfs,0.00016951560974121094,True
npuzzle_7x7_len5_2.txt,7,5,astar,0.00021505355834960938,True
npuzzle_7x7_len6_0.txt,7,6,bfs,3.4332275390625e-05,True
npuzzle_7x7_len6_0.txt,7,6,dfs,3.409385681152344e-05,True
npuzzle_7x7_len6_0.txt,7,6,astar,0.00019216537475585938,True
npuzzle_7x7_len6_1.txt,7,6,bfs,0.00017070770263671875,True
npuzzle_7x7_len6_1.txt,7,6,dfs,0.00017309188842773438,True
npuzzle_7x7_len6_1.txt,7,6,astar,0.0003285408020019531,True
npuzzle_7x7_len6_2.txt,7,6,bfs,0.00029015541076660156,True
npuzzle_7x7_len6_2.txt,7,6,dfs,0.0004222393035888672,True
npuzzle_7x7_len6_2.txt,7,6,astar,0.00038552284240722656,True
npuzzle_7x7_len7_0.txt,7,7,bfs,0.000102996826171875,True
npuzzle_7x7_len7_0.txt,7,7,dfs,9.965896606445312e-05,True
npuzzle_7x7_len7_0.txt,7,7,astar,0.0002944469451904297,True
npuzzle_7x7_len7_1.txt,7,7,bfs,7.343292236328125e-05,True
npuzzle_7x7_len7_1.txt,7,7,dfs,6.723403930664062e-05,True
npuzzle_7x7_len7_1.txt,7,7,astar,0.00020384788513183594,True
npuzzle_7x7_len7_2.txt,7,7,bfs,1.430511474609375e-05,True
npuzzle_7x7_len7_2.txt,7,7,dfs,1.2874603271484375e-05,True
npuzzle_7x7_len7_2.txt,7,7,astar,3.147125244140625e-05,True
npuzzle_7x7_len8_1.txt,7,8,bfs,0.00045037269592285156,True
npuzzle_7x7_len8_1.txt,7,8,dfs,0.00044655799865722656,True
npuzzle_7x7_len8_1.txt,7,8,astar,0.0003886222839355469,True
npuzzle_7x7_len8_2.txt,7,8,bfs,0.0005280971527099609,True
npuzzle_7x7_len8_2.txt,7,8,dfs,0.0005865097045898438,True
npuzzle_7x7_len8_2.txt,7,8,astar,0.0005617141723632812,True
npuzzle_7x7_len9_0.txt,7,9,bfs,0.00957489013671875,True
npuzzle_7x7_len9_0.txt,7,9,dfs,0.006691694259643555,True
npuzzle_7x7_len9_0.txt,7,9,astar,0.0008780956268310547,True
npuzzle_7x7_len9_1.txt,7,9,bfs,0.0014889240264892578,True
npuzzle_7x7_len9_1.txt,7,9,dfs,0.0013365745544433594,True
npuzzle_7x7_len9_1.txt,7,9,astar,0.0006937980651855469,True
npuzzle_7x7_len9_2.txt,7,9,bfs,0.004742145538330078,True
npuzzle_7x7_len9_2.txt,7,9,dfs,0.004948616027832031,True
npuzzle_7x7_len9_2.txt,7,9,astar,0.0010209083557128906,True
npuzzle_9x9_len10_0.txt,9,10,bfs,0.05919194221496582,True
npuzzle_9x9_len10_0.txt,9,10,dfs,0.09369587898254395,True
npuzzle_9x9_len10_0.txt,9,10,astar,0.0020575523376464844,True
npuzzle_9x9_len10_1.txt,9,10,bfs,0.0008034706115722656,True
npuzzle_9x9_len10_1.txt,9,10,dfs,0.0009891986846923828,True
npuzzle_9x9_len10_1.txt,9,10,astar,0.0006535053253173828,True
npuzzle_9x9_len10_2.txt,9,10,bfs,0.0002646446228027344,True
npuzzle_9x9_len10_2.txt,9,10,dfs,0.0003790855407714844,True
npuzzle_9x9_len10_2.txt,9,10,astar,0.0007150173187255859,True
npuzzle_9x9_len11_0.txt,9,11,bfs,0.15404653549194336,True
npuzzle_9x9_len11_0.txt,9,11,dfs,0.19608712196350098,True
npuzzle_9x9_len11_0.txt,9,11,astar,0.002583742141723633,True
npuzzle_9x9_len11_1.txt,9,11,bfs,0.0029447078704833984,True
npuzzle_9x9_len11_1.txt,9,11,dfs,0.002603292465209961,True
npuzzle_9x9_len11_1.txt,9,11,astar,0.0009124279022216797,True
npuzzle_9x9_len11_2.txt,9,11,bfs,0.009492874145507812,True
npuzzle_9x9_len11_2.txt,9,11,dfs,0.00809025764465332,True
npuzzle_9x9_len11_2.txt,9,11,astar,0.0011806488037109375,True
npuzzle_9x9_len12_0.txt,9,12,bfs,0.06586456298828125,True
npuzzle_9x9_len12_0.txt,9,12,dfs,0.08950686454772949,True
npuzzle_9x9_len12_0.txt,9,12,astar,0.0014889240264892578,True
npuzzle_9x9_len12_1.txt,9,12,bfs,0.005886554718017578,True
npuzzle_9x9_len12_1.txt,9,12,dfs,0.011668682098388672,True
npuzzle_9x9_len12_1.txt,9,12,astar,0.001130819320678711,True
npuzzle_9x9_len12_2.txt,9,12,bfs,0.0015778541564941406,True
npuzzle_9x9_len12_2.txt,9,12,dfs,0.0010826587677001953,True
npuzzle_9x9_len12_2.txt,9,12,astar,0.0006532669067382812,True
npuzzle_9x9_len13_0.txt,9,13,bfs,0.016318798065185547,True
npuzzle_9x9_len13_0.txt,9,13,dfs,0.0178375244140625,True
npuzzle_9x9_len13_0.txt,9,13,astar,0.002163410186767578,True
npuzzle_9x9_len13_1.txt,9,13,bfs,0.018099308013916016,True
npuzzle_9x9_len13_1.txt,9,13,dfs,0.01934981346130371,True
npuzzle_9x9_len13_1.txt,9,13,astar,0.00334930419921875,True
npuzzle_9x9_len13_2.txt,9,13,bfs,0.004067182540893555,True
npuzzle_9x9_len13_2.txt,9,13,dfs,0.006035566329956055,True
npuzzle_9x9_len13_2.txt,9,13,astar,0.0012776851654052734,True
npuzzle_9x9_len14_0.txt,9,14,bfs,4.745270729064941,True
npuzzle_9x9_len14_0.txt,9,14,dfs,10.625326156616211,True
npuzzle_9x9_len14_0.txt,9,14,astar,0.0023512840270996094,True
npuzzle_9x9_len14_1.txt,9,14,bfs,0.36023855209350586,True
npuzzle_9x9_len14_1.txt,9,14,dfs,0.676497220993042,True
npuzzle_9x9_len14_1.txt,9,14,astar,0.002243518829345703,True
npuzzle_9x9_len14_2.txt,9,14,bfs,0.02141094207763672,True
npuzzle_9x9_len14_2.txt,9,14,dfs,0.025506973266601562,True
npuzzle_9x9_len14_2.txt,9,14,astar,0.0012385845184326172,True
npuzzle_9x9_len15_0.txt,9,15,bfs,4.076957702636719e-05,True
npuzzle_9x9_len15_0.txt,9,15,dfs,2.1696090698242188e-05,True
npuzzle_9x9_len15_0.txt,9,15,astar,5.5789947509765625e-05,True
npuzzle_9x9_len15_1.txt,9,15,bfs,0.0014424324035644531,True
npuzzle_9x9_len15_1.txt,9,15,dfs,0.0014636516571044922,True
npuzzle_9x9_len15_1.txt,9,15,astar,0.0007266998291015625,True
npuzzle_9x9_len15_2.txt,9,15,bfs,0.1410970687866211,True
npuzzle_9x9_len15_2.txt,9,15,dfs,0.2097923755645752,True
npuzzle_9x9_len15_2.txt,9,15,astar,0.002475738525390625,True
npuzzle_9x9_len16_0.txt,9,16,bfs,0.6686010360717773,True
npuzzle_9x9_len16_0.txt,9,16,dfs,1.1874265670776367,True
npuzzle_9x9_len16_0.txt,9,16,astar,0.0019369125366210938,True
npuzzle_9x9_len16_1.txt,9,16,bfs,0.003976583480834961,True
npuzzle_9x9_len16_1.txt,9,16,dfs,0.0040547847747802734,True
npuzzle_9x9_len16_1.txt,9,16,astar,0.000659942626953125,True
npuzzle_9x9_len16_2.txt,9,16,bfs,0.6992805004119873,True
npuzzle_9x9_len16_2.txt,9,16,dfs,1.146982192993164,True
npuzzle_9x9_len16_2.txt,9,16,astar,0.004898548126220703,True
npuzzle_9x9_len17_0.txt,9,17,bfs,1.4148247241973877,True
npuzzle_9x9_len17_0.txt,9,17,dfs,2.921428918838501,True
npuzzle_9x9_len17_0.txt,9,17,astar,0.00510716438293457,True
npuzzle_9x9_len17_1.txt,9,17,bfs,0.005132198333740234,True
npuzzle_9x9_len17_1.txt,9,17,dfs,0.005566120147705078,True
npuzzle_9x9_len17_1.txt,9,17,astar,0.0009596347808837891,True
npuzzle_9x9_len17_2.txt,9,17,bfs,0.0010254383087158203,True
npuzzle_9x9_len17_2.txt,9,17,dfs,0.0009984970092773438,True
npuzzle_9x9_len17_2.txt,9,17,astar,0.0006031990051269531,True
npuzzle_9x9_len18_0.txt,9,18,bfs,0.010516166687011719,True
npuzzle_9x9_len18_0.txt,9,18,dfs,0.009856700897216797,True
npuzzle_9x9_len18_0.txt,9,18,astar,0.0009922981262207031,True
npuzzle_9x9_len18_1.txt,9,18,bfs,1.4549260139465332,True
npuzzle_9x9_len18_1.txt,9,18,dfs,3.0214715003967285,True
npuzzle_9x9_len18_1.txt,9,18,astar,0.0018222332000732422,True
npuzzle_9x9_len18_2.txt,9,18,bfs,1.720475435256958,True
npuzzle_9x9_len18_2.txt,9,18,dfs,3.3750178813934326,True
npuzzle_9x9_len18_2.txt,9,18,astar,0.001355886459350586,True
npuzzle_9x9_len19_0.txt,9,19,bfs,0.000125885009765625,True
npuzzle_9x9_len19_0.txt,9,19,dfs,0.00011539459228515625,True
npuzzle_9x9_len19_0.txt,9,19,astar,0.0004029273986816406,True
npuzzle_9x9_len19_1.txt,9,19,bfs,0.0011899471282958984,True
npuzzle_9x9_len19_1.txt,9,19,dfs,0.0012650489807128906,True
npuzzle_9x9_len19_1.txt,9,19,astar,0.0005025863647460938,True
npuzzle_9x9_len19_2.txt,9,19,bfs,200,False
npuzzle_9x9_len19_2.txt,9,19,dfs,200,False
npuzzle_9x9_len19_2.txt,9,19,astar,0.006976604461669922,True
npuzzle_9x9_len1_0.txt,9,1,bfs,7.2479248046875e-05,True
npuzzle_9x9_len1_0.txt,9,1,dfs,2.6702880859375e-05,True
npuzzle_9x9_len1_0.txt,9,1,astar,0.0001304149627685547,True
npuzzle_9x9_len1_1.txt,9,1,bfs,4.673004150390625e-05,True
npuzzle_9x9_len1_1.txt,9,1,dfs,3.3855438232421875e-05,True
npuzzle_9x9_len1_1.txt,9,1,astar,0.00014591217041015625,True
npuzzle_9x9_len1_2.txt,9,1,bfs,5.269050598144531e-05,True
npuzzle_9x9_len1_2.txt,9,1,dfs,3.361701965332031e-05,True
npuzzle_9x9_len1_2.txt,9,1,astar,0.0001266002655029297,True
npuzzle_9x9_len20_0.txt,9,20,bfs,200,False
npuzzle_9x9_len20_0.txt,9,20,dfs,200,False
npuzzle_9x9_len20_0.txt,9,20,astar,0.0032994747161865234,True
npuzzle_9x9_len20_1.txt,9,20,bfs,200,False
npuzzle_9x9_len20_1.txt,9,20,dfs,200,False
npuzzle_9x9_len20_1.txt,9,20,astar,0.0027844905853271484,True
npuzzle_9x9_len20_2.txt,9,20,bfs,1.0969529151916504,True
npuzzle_9x9_len20_2.txt,9,20,dfs,2.3474574089050293,True
npuzzle_9x9_len20_2.txt,9,20,astar,0.0016970634460449219,True
npuzzle_9x9_len2_0.txt,9,2,bfs,0.0001270771026611328,True
npuzzle_9x9_len2_0.txt,9,2,dfs,8.916854858398438e-05,True
npuzzle_9x9_len2_0.txt,9,2,astar,0.00022292137145996094,True
npuzzle_9x9_len2_1.txt,9,2,bfs,3.552436828613281e-05,True
npuzzle_9x9_len2_1.txt,9,2,dfs,3.528594970703125e-05,True
npuzzle_9x9_len2_1.txt,9,2,astar,0.00016188621520996094,True
npuzzle_9x9_len3_0.txt,9,3,bfs,1.811981201171875e-05,True
npuzzle_9x9_len3_0.txt,9,3,dfs,1.8358230590820312e-05,True
npuzzle_9x9_len3_0.txt,9,3,astar,4.482269287109375e-05,True
npuzzle_9x9_len3_1.txt,9,3,bfs,1.7642974853515625e-05,True
npuzzle_9x9_len3_1.txt,9,3,dfs,1.8596649169921875e-05,True
npuzzle_9x9_len3_1.txt,9,3,astar,4.6253204345703125e-05,True
npuzzle_9x9_len3_2.txt,9,3,bfs,1.7642974853515625e-05,True
npuzzle_9x9_len3_2.txt,9,3,dfs,1.5735626220703125e-05,True
npuzzle_9x9_len3_2.txt,9,3,astar,4.792213439941406e-05,True
npuzzle_9x9_len4_0.txt,9,4,bfs,5.793571472167969e-05,True
npuzzle_9x9_len4_0.txt,9,4,dfs,5.53131103515625e-05,True
npuzzle_9x9_len4_0.txt,9,4,astar,0.00020503997802734375,True
npuzzle_9x9_len4_1.txt,9,4,bfs,0.00042438507080078125,True
npuzzle_9x9_len4_1.txt,9,4,dfs,0.0004208087921142578,True
npuzzle_9x9_len4_1.txt,9,4,astar,0.0003790855407714844,True
npuzzle_9x9_len4_2.txt,9,4,bfs,7.104873657226562e-05,True
npuzzle_9x9_len4_2.txt,9,4,dfs,6.723403930664062e-05,True
npuzzle_9x9_len4_2.txt,9,4,astar,0.00021195411682128906,True
npuzzle_9x9_len5_0.txt,9,5,bfs,0.00010919570922851562,True
npuzzle_9x9_len5_0.txt,9,5,dfs,0.00011491775512695312,True
npuzzle_9x9_len5_0.txt,9,5,astar,0.0004506111145019531,True
npuzzle_9x9_len5_1.txt,9,5,bfs,0.0001976490020751953,True
npuzzle_9x9_len5_1.txt,9,5,dfs,0.00020456314086914062,True
npuzzle_9x9_len5_1.txt,9,5,astar,0.000293731689453125,True
npuzzle_9x9_len5_2.txt,9,5,bfs,8.177757263183594e-05,True
npuzzle_9x9_len5_2.txt,9,5,dfs,7.915496826171875e-05,True
npuzzle_9x9_len5_2.txt,9,5,astar,0.00028705596923828125,True
npuzzle_9x9_len6_0.txt,9,6,bfs,5.5789947509765625e-05,True
npuzzle_9x9_len6_0.txt,9,6,dfs,5.459785461425781e-05,True
npuzzle_9x9_len6_0.txt,9,6,astar,0.00020265579223632812,True
npuzzle_9x9_len6_1.txt,9,6,bfs,0.0005173683166503906,True
npuzzle_9x9_len6_1.txt,9,6,dfs,0.0005173683166503906,True
npuzzle_9x9_len6_1.txt,9,6,astar,0.0005345344543457031,True
npuzzle_9x9_len6_2.txt,9,6,bfs,5.555152893066406e-05,True
npuzzle_9x9_len6_2.txt,9,6,dfs,5.459785461425781e-05,True
npuzzle_9x9_len6_2.txt,9,6,astar,0.00019812583923339844,True
npuzzle_9x9_len7_0.txt,9,7,bfs,0.025384187698364258,True
npuzzle_9x9_len7_0.txt,9,7,dfs,0.03621101379394531,True
npuzzle_9x9_len7_0.txt,9,7,astar,0.0010788440704345703,True
npuzzle_9x9_len7_1.txt,9,7,bfs,3.790855407714844e-05,True
npuzzle_9x9_len7_1.txt,9,7,dfs,1.5497207641601562e-05,True
npuzzle_9x9_len7_1.txt,9,7,astar,4.887580871582031e-05,True
npuzzle_9x9_len7_2.txt,9,7,bfs,1.621246337890625e-05,True
npuzzle_9x9_len7_2.txt,9,7,dfs,1.3589859008789062e-05,True
npuzzle_9x9_len7_2.txt,9,7,astar,4.696846008300781e-05,True
npuzzle_9x9_len8_0.txt,9,8,bfs,3.24249267578125e-05,True
npuzzle_9x9_len8_0.txt,9,8,dfs,4.220008850097656e-05,True
npuzzle_9x9_len8_0.txt,9,8,astar,0.0001647472381591797,True
npuzzle_9x9_len8_1.txt,9,8,bfs,5.6743621826171875e-05,True
npuzzle_9x9_len8_1.txt,9,8,dfs,6.556510925292969e-05,True
npuzzle_9x9_len8_1.txt,9,8,astar,0.00020933151245117188,True
npuzzle_9x9_len8_2.txt,9,8,bfs,0.00066375732421875,True
npuzzle_9x9_len8_2.txt,9,8,dfs,0.0007927417755126953,True
npuzzle_9x9_len8_2.txt,9,8,astar,0.0010526180267333984,True
npuzzle_9x9_len9_0.txt,9,9,bfs,0.025893688201904297,True
npuzzle_9x9_len9_0.txt,9,9,dfs,0.031296491622924805,True
npuzzle_9x9_len9_0.txt,9,9,astar,0.0010204315185546875,True
npuzzle_9x9_len9_1.txt,9,9,bfs,0.010212182998657227,True
npuzzle_9x9_len9_1.txt,9,9,dfs,0.008719205856323242,True
npuzzle_9x9_len9_1.txt,9,9,astar,0.001012563705444336,True
npuzzle_9x9_len9_2.txt,9,9,bfs,0.001255035400390625,True
npuzzle_9x9_len9_2.txt,9,9,dfs,0.0011899471282958984,True
npuzzle_9x9_len9_2.txt,9,9,astar,0.0006277561187744141,True
